File,Channel,Nuclei,x,y,z,Value,FWHM,SNR,NSNR,Label
1,Cy5,1,400.1893993,100.7516932,26.82890265,1.251532266,3.596943719,4.079740295,2.045597484,2
1,Cy5,1,401,107,26,1.248516626,3.796179689,5.911035028,1.957861635,2
1,Cy5,1,408.8705434,15.54866352,25.20771338,1.167705141,2.945452588,9.670643568,1.945283019,1
1,Cy5,1,403.6873453,91.30125869,25.6929851,1.019294119,2.230888761,19.96196274,1.762578616,2
1,Cy5,1,423.5701399,12.74056527,23.70660308,0.872855418,3.779995616,13.72611328,1.50754717,1
1,Cy5,2,460.8302882,119.3968532,23.94083641,3.449730796,2.86829903,9.813423054,4.545610132,1
1,Cy5,2,457.61028,84.75907328,25.66540981,3.30478521,3.168945313,46.81289954,3.759370187,2
1,Cy5,2,463.3700024,116.2958582,24.4378664,1.491551277,3.653086056,31.13378165,2.670545952,1
1,Cy5,3,301.8077726,120.7261945,25.4740339,1.81521258,2.884238808,32.14668585,2.31986532,1
1,Cy5,3,309.2814012,212.8142136,26.9833773,1.463444074,3.215656843,23.14845005,2.011631466,2
1,Cy5,3,316.1021849,186.497698,26.00213464,0.991514034,2.967240552,9.099261538,1.661157025,2
1,Cy5,4,289.0898365,195.7074876,22.94748883,1.861216985,2.769772222,38.58220755,2.793460127,2
1,Cy5,4,293.1992698,183.7952105,25.44811799,1.713623415,2.533105983,15.96311305,2.384050717,2
1,Cy5,4,278.7049885,177.3001532,22.78388645,0.695793882,4.010118247,13.3246781,1.681014348,1
1,Cy5,4,276.496398,183.9024548,23.71773787,0.9532771,2.399699546,6.23203314,1.802135469,1
1,Cy5,5,357.2977831,365.2216579,23.83930695,3.259170518,3.317512145,63.07854809,3.134478996,2
1,Cy5,5,366.4815719,360.4090639,22.69899238,2.830619179,2.849932182,33.21046871,3.074468085,2
1,Cy5,5,377,366,26,1.276924368,2.456436263,18.86437074,1.824604474,1
1,Cy5,6,503.3234361,431.1977795,27.65642542,2.495264208,2.191371818,46.79297651,2.719279661,0
1,Cy5,7,249.3688509,491.2670784,21.32897818,2.754493932,2.582760357,41.76150173,2.404341016,1
1,Cy5,7,241.6918058,487.3968239,23.03523822,2.466959203,2.911801071,18.61802377,2.424479749,1
1,Cy5,7,200.0717109,585.2582483,25.30676529,2.321369359,2.688470172,11.33886458,2.269635265,2
1,Cy5,7,242.8310737,468.1289776,23.6287252,2.024512616,2.695565684,11.83415104,2.134481987,1
1,Cy5,7,239.8666878,491.9900196,24.39829371,1.77164604,2.805034316,9.655776849,2.166703961,1
1,Cy5,7,247,465,25,1.096323878,3.887366295,15.67865217,1.646453345,1
1,Cy5,8,546.5192515,476.2063265,24.63064942,2.397996966,2.041012381,19.38621667,2.727410094,1
1,Cy5,8,574.811801,486.1590758,23.24361303,1.736900525,3.614611963,3.268284669,2.326080387,2
1,Cy5,8,545.9863702,491.2432565,23.58141225,1.606985047,3.638546497,4.11927595,2.312783318,1
1,Cy5,8,577.1787461,490.2367952,23.28581012,1.556831201,3.756678747,15.39415244,2.153520701,2
1,Cy5,9,181.1355584,530.0180007,27.91378734,2.928852772,2.535161022,34.24479652,3.543383948,2
1,Cy5,9,137.1438912,543.520413,24.19885099,1.410284865,2.650384031,6.892447762,1.780368764,1
1,Cy5,9,135.797608,527.6634515,24.99640981,1.131416852,2.794058164,11.7579106,1.433839479,1
1,Cy5,10,777.0457558,654.0278536,24.09280268,1.28267218,2.973010016,16.43724662,1.889614428,1
1,Cy5,10,644.7372087,606.4825762,25.43923908,0.993297371,2.06518827,10.44890834,1.81840796,2
1,Cy5,11,999.4419134,685.6854688,24.19752486,2.93768875,2.933295432,25.82146193,3.435085277,1
1,Cy5,11,966.8301118,651.1749753,27.08148813,2.508356667,2.738903835,28.90457127,3.574660633,2
1,Cy5,11,962.260778,639.830434,22.71618601,1.886970827,2.817836123,10.15129367,2.697180647,2
1,Cy5,11,968.517924,643.5503982,21.06751507,1.582425547,2.324950198,23.02009158,2.376261747,2
1,Cy5,11,950.3245044,648.5119569,32.07197394,1.484041014,2.950047939,15.45447231,2.521058127,2
1,Cy5,12,259.5098125,865.1700445,28.64977781,1.360653722,2.524424075,21.44754322,1.987297555,1
1,Cy5,12,283.7382937,794.8985435,28.12783771,1.205886234,2.717773438,16.58941791,1.934582407,2
1,Cy5,12,312,792,32,0.546025734,4.423832788,6.141884104,1.610034932,2
1,Cy5,12,250.1934138,873.3867301,26.41865017,0.956182987,3.47716507,10.45110298,1.622419816,1
1,Cy5,13,468.3355928,873.0607771,27.31230704,1.072189053,2.706562437,11.80267222,1.954154728,1
1,Cy5,13,500,868,26,0.772423185,2.579160505,4.818221522,1.624323464,2
1,Cy5,14,432.0957283,791.0121256,27.38683007,3.524678677,2.717243369,25.43447825,3.660277204,1
1,Cy5,14,439.5666935,882.0512509,24.27078626,1.100323362,2.650427567,23.26139752,1.744618107,2
1,Cy5,15,611.9572526,853.5490237,23.70752476,4.404553561,2.89993764,28.50909123,4.849888807,2
1,Cy5,15,556.2296164,848.4960821,23.71246585,1.85398098,2.557990333,3.794675393,2.92920682,1
1,Cy5,15,557.5268833,858.5732287,22.95234033,1.719047483,2.448799474,19.41785501,2.475537435,1
1,Cy5,15,558.5832324,851.7564119,23.73544521,1.332838442,3.79976929,10.08430097,2.304670126,1
1,Cy5,16,349.757096,925.7055005,22.71132028,1.299936592,2.735931648,20.64331872,2.063603064,1
1,Cy5,16,284.5814048,958.543819,22.30195626,1.27356195,2.616471275,20.42729573,2.071928072,2
1,Cy5,16,297.8875741,925.6345849,26.17496954,1.234132266,2.757364109,13.65611621,1.883116883,2
1,Cy5,17,161.0376595,915.6091838,25.20714753,1.964510986,2.879208962,26.15047073,2.878453039,2
1,Cy5,17,158.5493845,933.5884736,24.35964153,1.474108821,2.732357381,14.48237103,2.644935543,2
1,Cy5,17,173.5739362,934.2742642,21.71661683,0.894376976,2.803710938,12.00238556,1.818416206,1
1,Cy5,18,690.7016553,1010.416646,24.17352547,3.480823217,2.861626613,72.07876024,3.913074457,0
1,a488,1,421.6661919,8.115556944,23.01779079,4.721078912,-1,34.02047907,2.537907067,1
1,a488,1,403.5976098,107.8379704,26.87836393,2.61338946,2.749541425,15.38711167,1.703179302,2
1,a488,2,448.725473,85.92130302,23.86011279,2.882233383,2.839310828,33.98179134,2.016070711,2
1,a488,2,458.8041791,142.7289376,24.56307973,1.886606543,2.791922876,42.95930591,1.590330789,0
1,a488,3,327.3869468,223.9937521,28.34963877,3.340171746,2.641956445,28.68612591,1.949519523,0
1,a488,3,299.7701585,142.1141538,27.45435984,3.049969364,2.719685195,27.63848085,1.891983944,0
1,a488,4,291.8280467,176.0978458,24.76143442,4.298115463,3.039448241,12.1941342,2.527242852,2
1,a488,4,271,172,23,1.829583584,2.931112145,4.319228431,1.663752875,1
1,a488,5,357.134658,363.2051611,23.19807845,4.276240319,2.629957197,62.54066014,2.305107527,2
1,a488,5,356.154309,371.6129301,23.31264188,2.661504239,2.319708195,14.93772843,1.852262545,2
1,a488,6,506.897054,435.8838444,28.04102477,2.699235514,3.598115183,18.06083681,1.641852221,0
1,a488,7,240.6795243,464.8603196,23.43646019,3.497492927,3.354917771,51.16664935,1.825026821,1
1,a488,7,202,581,26,2.170322425,2.114649957,25.75630539,1.559641081,2
1,a488,7,186.5063569,582.1515888,23.25437223,1.512299814,2.513931559,7.653770307,1.300399883,2
1,a488,7,236.6373769,481.4121228,23.30298319,1.483046131,2.740222452,6.606617921,1.26655613,1
1,a488,8,569.7521047,479.2419583,22.00774714,3.977467924,2.812746986,42.51222332,2.155695751,2
1,a488,8,532.7006418,504.3841944,28.31274807,1.555519574,2.153843676,22.95431025,1.454112606,0
1,a488,8,545.1383308,484.2815304,23.28578859,1.407452747,3.158912371,13.03511413,1.35174384,1
1,a488,8,570,474,24,1.376510825,2.169922202,4.020649976,1.277109868,2
1,a488,9,181.4488815,531.1217089,30.50924808,2.03271108,2.355531482,12.58351603,1.66397084,2
1,a488,9,123.996487,542.6089459,24.71847664,1.138075427,3.11438977,9.717347963,1.182594829,1
1,a488,9,188.0491569,521.9683454,31.11013653,1.114389312,3.072799809,10.24781392,1.391958082,2
1,a488,10,777.1312628,658.1792288,22.89983841,5.721652785,2.737827096,26.87410933,2.771405114,1
1,a488,10,775.4521817,650.5934953,23.90987484,2.33367077,2.596197712,5.315986141,1.595707248,1
1,a488,10,651.8908556,608.8162838,23.23621499,1.089648304,2.802736811,15.85302986,1.39408867,2
1,a488,10,642,620,24,1.029727961,2.589405391,11.98785339,1.300140746,2
1,a488,11,997.9523017,693.6755586,25.14658489,3.876911412,2.764324714,30.11811042,2.326637204,1
1,a488,11,963.9033962,645.2204494,24.59638482,1.650037951,2.135997411,8.066275368,1.725056917,2
1,a488,11,967.8967956,644.8308068,26.75069277,1.614329611,4.124029043,4.718738042,1.538368823,2
1,a488,11,969.7568174,647.589768,26.78949654,1.251057237,3.384626999,6.305020018,1.499129503,2
1,a488,11,1002.176192,682.4133582,26.22434008,1.166727337,2.337695624,23.50931057,1.429355832,1
1,a488,12,312,808,33,1.636543077,2.766434345,15.73427538,1.599639547,0
1,a488,12,263.3510144,880.1854153,27.85769186,1.2972318,2.555629081,10.27974678,1.320417096,1
1,a488,13,514.1350073,877.1537564,24.16816792,4.374069818,2.844633763,41.56257959,2.388050546,2
1,a488,13,510.0385998,877.6222979,23.43519853,2.430175455,2.620655283,3.239226911,1.730339836,2
1,a488,14,443.8609293,883.313809,26.30395885,2.085774209,2.998527086,17.88722907,1.604178559,2
1,a488,14,463.1664076,879.0093674,28.04582319,1.760459483,2.970364311,17.36732844,1.441945428,0
1,a488,14,433.669189,800.1825628,28.1772351,1.414825701,2.479905639,16.27882253,1.354264185,1
1,a488,14,449.2055702,891.3652149,25.08811659,1.17588699,2.296480507,9.613688355,1.20356205,2
1,a488,15,558.4025049,851.4607723,20.96465317,1.922830583,2.896701812,16.88771972,1.587093169,1
1,a488,15,602.7077992,854.2169397,26.39694843,1.308609913,2.437445934,23.5592905,1.563765889,2
1,a488,16,308.3746329,966.4168381,22.17311861,2.363129565,2.439580073,27.55795888,1.619793657,0
1,a488,16,346.6537415,910.0374292,21.64185853,1.920338451,3.122622997,13.34361313,1.544898739,1
1,a488,16,282.30864,963.8044545,22.26784136,1.56352748,1.910585894,14.66206489,1.370780792,0
1,a488,16,284.3943542,972.2800568,22.14323912,1.22615185,2.336684609,10.01283624,1.233218698,0
1,a488,17,177.9946552,929.4955147,24.80492753,2.63036737,2.602132557,11.37578312,2.050449205,1
1,a488,17,167.0597113,934.5185472,24.3324328,1.754911095,2.381133707,22.26932127,1.693434692,1
1,a488,17,122.3979024,971.318973,26.07105209,1.141347305,2.253976376,9.919679669,1.342916379,0
1,a488,18,695.1427262,1007.630799,24.69925428,3.086567039,3.750019941,22.55376299,2.003719008,0
1,a488,18,699.2724928,998.9071087,24.21424974,2.883365393,3.010349298,16.034181,2.039944904,0
1,a488,18,702.0423797,997.9813485,24.26118948,2.112863081,3.933054824,20.60363093,1.791460055,0
1,a594,1,397.8928059,105.1299629,26.78872238,17.84191891,3.094028585,41.0872388,9.026794884,2
1,a594,1,416.2243309,12.97138762,23.81600517,10.73167868,2.87846766,105.6564851,6.199234432,1
1,a594,2,450.2475243,85.7316368,24.82958608,5.068917326,2.598170803,31.20464163,4.457385711,2
1,a594,2,463.7009864,87.23680817,25.03271177,4.811431596,2.672320287,30.20471126,4.173903055,2
1,a594,2,456.5854967,122.147807,24.96460483,4.676428368,2.841985345,6.78874071,4.396737882,1
1,a594,2,457.125931,125.638849,25.13362757,4.540730665,2.921457459,7.338758199,4.13002527,1
1,a594,3,306.6883049,209.6718353,27.89434264,13.49468326,2.726954398,48.28731529,7.794876697,2
1,a594,3,304.5836516,146.0854349,27.2292091,4.704978795,2.846657505,3.288349785,3.475817243,0
1,a594,3,309.6962737,147.2763607,27.13218993,4.297359217,2.628675066,25.66512186,3.216593386,0
1,a594,4,284.0210736,170.8239514,23.89422431,8.090381644,3.222974063,5.257609707,6.220994475,1
1,a594,4,274.7980444,192.387585,26.51872269,6.661836021,2.681356812,41.54626471,4.60398207,1
1,a594,4,281.4070372,174.2101173,23.95374584,6.537354957,2.949423295,1.921523907,5.137287606,1
1,a594,4,288.9750143,171.2240407,23.94941657,4.45778018,2.714770887,35.0872708,4.227666006,1
1,a594,5,355.1240557,360.082777,26.10213322,6.325591907,2.771075752,18.384722,4.074060359,2
1,a594,5,363.6085572,356.5410356,22.79360952,5.928667645,2.835492117,13.05111746,4.135900759,2
1,a594,5,358.8789204,368.7152282,22.61853741,4.524231801,2.772507262,14.70546544,3.182003333,2
1,a594,6,501.767101,430.9638156,27.58695084,3.964911743,2.748337838,28.1429577,2.815203845,0
1,a594,6,495.1787615,395.6405343,25.49463252,3.690634234,2.55559356,20.3504373,2.803809863,0
1,a594,7,246.2650228,464.1217622,24.18659761,17.19624884,2.801681112,77.08396183,7.359539237,1
1,a594,7,241.624832,486.9838721,23.60865326,8.826128115,2.535129238,34.97469922,4.25025198,1
1,a594,7,240.7159194,497.7082174,23.03166355,5.841207903,2.843243989,20.36417676,3.17437005,1
1,a594,7,197.1743978,588.5426603,23.84547617,5.588788083,2.726201792,14.97402269,2.850539957,2
1,a594,7,237.0656947,483.2830436,23.48649488,4.236022345,2.779761277,1.757036087,2.661051116,1
1,a594,7,208.2617608,585.7824425,25.04469086,3.683624011,2.574503678,27.35144727,2.350035997,2
1,a594,8,577.1711342,490.012221,23.49500951,22.80668383,3.443919537,73.20640318,11.41032389,2
1,a594,8,543.6577717,486.513416,22.72411324,11.62843291,2.614736176,61.53583972,6.95465587,1
1,a594,8,547.6510098,479.930731,24.68436355,5.307785339,2.491007774,12.59857334,4.137651822,1
1,a594,8,531.391538,511.9380033,25.72962885,3.739900501,2.373982723,28.17959143,3.100607287,0
1,a594,9,131.0078457,537.1218902,23.72501088,9.717819587,3.192231528,60.47034433,5.793762994,1
1,a594,9,188.7987914,524.5659565,29.6336651,5.032172524,3.476073614,15.84071773,3.823534304,2
1,a594,9,188.2411379,528.1636898,29.3407841,4.792395695,2.810125492,6.23148937,3.459459459,2
1,a594,10,771.3848706,657.1443834,23.36837689,9.397630013,3.103328726,54.29491562,6.231873739,1
1,a594,10,637.7941432,601.299717,27.24034792,9.328559829,2.801899541,28.10393861,6.370475851,2
1,a594,10,663.5481877,629.8841938,23.06275566,3.629954062,2.39456727,30.98318201,3.166014003,0
1,a594,11,997.3883036,688.9234771,26.14362039,8.606950485,2.599647332,23.4852705,7.578545071,1
1,a594,11,967.3749874,650.5807236,26.2673146,2.036797393,2.492744686,14.88138059,2.499209278,2
1,a594,11,979.2208419,652.6201419,25.60128191,2.891911261,2.845315033,11.35979289,3.175803901,2
1,a594,12,310.9552165,788.7155833,30.3184806,8.419187099,2.861859611,75.77452718,4.97302468,2
1,a594,12,250.4016382,870.5093317,26.83429775,5.699946211,2.77671446,17.7716772,3.433900899,1
1,a594,12,241.9201297,853.5677168,28.80456917,3.693226932,2.763558643,53.51951339,2.371532428,0
1,a594,12,297.719828,850.9055476,29.24146993,3.552773057,2.651891606,36.65009549,2.949684331,0
1,a594,13,503.7862496,866.4378155,26.22990693,7.168660294,2.854170858,56.52496787,5.1228,2
1,a594,13,469.7803208,875.7673338,27.23623467,6.269470104,2.779091914,21.36081936,4.2276,1
1,a594,13,502.3624748,863.5480345,27.41912019,5.577662385,3.478540655,9.058082839,4.3952,2
1,a594,14,427.9711241,798.8631638,28.37145578,5.130304429,2.653253403,27.00107286,3.417820376,1
1,a594,15,612.4823954,847.0485803,23.40149546,7.432395244,3.430968462,59.5135459,5.124737211,2
1,a594,15,556.1756978,847.1394707,23.92871998,5.122326169,2.992670279,3.231152285,4.683485167,1
1,a594,15,558.3543995,850.9014745,23.16649964,4.439216902,3.072027082,14.16510813,4.540761504,1
1,a594,16,339.4667201,912.347845,22.7370931,13.20428462,3.113524743,32.97880289,7.986277873,1
1,a594,16,286.7044384,959.5429473,21.95202925,7.715792825,2.903970636,45.94858967,5.131432247,2
1,a594,17,170.3432947,915.0171417,24.40336136,11.95131799,2.932853773,103.274753,7.997955939,2
1,a594,17,158.9579743,929.9654775,23.49099886,5.306730353,2.459960938,17.00011446,4.562798092,2
1,a594,17,147.9197298,931.8599071,23.19086353,4.919301282,2.341393442,27.62653055,4.200999319,2
1,a594,18,701.5493076,996.939313,23.29798206,9.453255128,2.819310744,134.7937072,6.233842011,0
1,a594,18,690.7851088,1012.222453,20.3891433,4.548370034,2.877128125,43.68077234,3.343132855,0
1,a594,18,658.1087636,1002.994463,22.90625406,3.767864971,2.685263063,28.85700438,3.759425494,0
1,tmr,1,409.6889461,14.789219,24.91596368,1.73477425,2.846273261,3.938765485,2.023268576,1
1,tmr,1,400.0996525,100.9815093,26.82170074,1.715669381,3.537883203,7.395221556,2.014927011,2
1,tmr,1,423.3435889,13.16101102,23.45686227,1.529722064,2.760742188,28.81286139,1.725825925,1
1,tmr,1,403.4641618,90.88547991,25.73477868,1.488518019,2.64389534,26.60977219,1.867193502,2
1,tmr,1,401,107,26,1.353776466,2.553941955,5.238784835,1.799802437,2
1,tmr,2,457.5989271,84.56594505,25.80471746,3.341020575,3.110152846,40.58239651,3.031473534,2
1,tmr,2,460.5575028,119.795948,23.90420272,2.881538663,3.249837998,3.15529097,2.892226991,1
1,tmr,2,463.2124936,116.3103935,24.12873415,2.441055437,2.924068292,23.33021409,2.74654268,1
1,tmr,3,303.4418057,211.6523024,25.43759156,2.21380427,2.683494106,12.73678405,2.116754478,2
1,tmr,3,308.6224472,212.9229901,26.92997648,1.967749992,2.664028662,24.97296243,2.087460485,2
1,tmr,3,316.0095081,186.3036022,25.39698956,1.911397576,2.599796945,25.8878913,2.114857745,2
1,tmr,3,308,146,29,1.41605625,3.142109595,17.0438361,1.670389884,0
1,tmr,3,302,121,26,0.991886071,2.183963637,18.74645512,1.403793467,1
1,tmr,4,292.9288196,183.3726369,25.28006778,3.355665731,2.75693679,30.39547037,2.896788991,2
1,tmr,4,278.4721708,177.2379393,22.61367554,1.925818383,3.148786625,22.27593984,2.177522936,1
1,tmr,4,276.0765721,183.8636201,23.72170635,1.715229495,2.556594507,9.236995061,2.364908257,1
1,tmr,4,288.7105775,195.5921496,22.61024481,1.62882657,2.673161579,36.07691736,1.984174312,2
1,tmr,5,357.2824149,365.1073562,23.77190387,3.402086109,2.882428714,37.61454894,2.622264875,2
1,tmr,5,366.2667724,360.2752394,22.72282477,2.809345929,2.759923013,36.90217698,2.368714012,2
1,tmr,5,376.8055301,365.548557,24.90680597,1.633456436,2.201159206,20.68329604,1.738195777,1
1,tmr,6,503.4108544,431.1460105,27.4714988,3.266934574,2.900560982,33.21429236,2.416860917,0
1,tmr,7,248.3714294,466.0571289,25,6.074009702,2.994946503,20.80084164,1.300228866,1
1,tmr,7,199.9564417,585.4326044,25.32280014,3.190653443,2.978411131,13.67820193,2.216553467,2
1,tmr,7,241.5374692,487.5131373,22.6107637,2.777345632,2.708428842,20.32665872,2.082135524,1
1,tmr,7,242.5853213,468.1854494,23.38121349,2.006039301,2.739257813,12.03646436,1.662454589,1
1,tmr,7,249.5001518,491.3220809,21.24187678,5.074009702,2.660611102,64.0308242,2.946769863,1
1,tmr,7,240,492,25,1.174327904,2.620846773,6.206935601,1.504817564,1
1,tmr,8,545.6227533,491.1508816,23.41094912,5.95502022,3.254425537,6.016668801,4.280705528,1
1,tmr,8,550,494,24,2.555131125,2.599352429,38.02780097,2.685523769,1
1,tmr,8,574.8029145,486.4932927,22.86970075,2.423198641,3.360023809,34.16318275,2.235319424,2
1,tmr,8,546.4819616,476.1967575,24.19169398,2.13435364,2.762958867,12.72872898,1.874596687,1
1,tmr,9,180.7797631,529.9052998,27.7391485,3.463342414,2.706863111,26.54515208,2.927874135,2
1,tmr,9,136.8621319,543.5649229,24.16258388,2.294901145,3.033923923,8.025295625,2.022177993,1
1,tmr,9,135.7715944,527.6369499,24.84889958,2.256233269,2.166739355,30.94552297,1.815562506,1
1,tmr,10,644.627423,606.2956412,25.65974106,1.840191315,2.585148586,33.10304599,2.09637746,2
1,tmr,10,777.0948893,653.5802378,23.77519376,1.338249204,2.577729545,12.94126235,1.614937388,1
1,tmr,11,999.5735103,685.8200537,23.97848077,4.224515866,2.986116608,56.81180137,3.826896741,1
1,tmr,11,966.8304265,651.1083097,27.25913458,2.395415593,2.642307341,31.34891686,3.20898384,2
1,tmr,11,968.4184272,643.8229918,21.26108427,2.290903504,2.400929464,27.86713722,2.789646672,2
1,tmr,11,996.5746331,679.8206894,22.14244108,1.945269198,2.294002763,6.260494648,2.443440153,1
1,tmr,11,962.2552529,639.8644028,22.7528738,1.890187557,2.704489551,9.007593038,2.421528348,2
1,tmr,11,950.7505114,648.6619975,31.64640114,1.546286091,2.866930643,13.0135838,2.293070392,2
1,tmr,12,249.9142292,873.9003504,26.43575237,1.722397457,2.695820642,31.96229942,1.810024075,1
1,tmr,12,259.4140881,865.3700307,28.49731509,1.535054562,2.927488701,29.43161741,1.747647188,1
1,tmr,12,283.5446492,794.9769743,28.28701342,1.097081741,2.44951179,11.20750149,1.521777194,2
1,tmr,12,312.6538545,791.2325136,30.00775466,0.884164692,3.209869949,12.19188085,1.625738674,2
1,tmr,13,500.1430837,868.1744748,26.02409096,1.09478799,2.78271901,6.485212375,1.762309368,2
1,tmr,13,503.8454668,868.5811686,26.07125647,0.848852817,2.513984091,19.32553765,1.534204793,2
1,tmr,14,431.9570027,791.0450157,27.19217742,3.436921693,2.567397376,42.21101479,2.698823529,1
1,tmr,14,439.2820804,882.0273465,24.15466116,1.192935689,2.231048494,17.41459722,1.592941176,2
1,tmr,15,611.7267945,853.464165,23.5682488,4.08597807,3.004333226,61.90270951,3.590326797,2
1,tmr,15,557.3790712,858.5679601,22.79988653,3.00843367,2.638826294,25.6815196,2.93620915,1
1,tmr,15,558.3950658,851.93767,23.84655797,2.18852668,2.914963683,9.641308127,2.628496732,1
1,tmr,15,556.1941723,848.8083048,23.42608639,1.463494464,3.603517192,2.858049365,2.169673203,1
1,tmr,16,284.1298108,958.0705652,22.06374322,2.166272327,2.632191631,29.60267563,2.248913988,2
1,tmr,16,312.2393482,958.565987,24.82268012,1.586982251,2.416319384,20.7739016,1.768462207,0
1,tmr,16,297.5484354,925.8235511,25.91602608,1.252859316,2.611228,22.07570885,1.636403128,2
1,tmr,16,349.5359232,925.8331428,22.59109901,0.894688817,2.167202479,8.288390281,1.463292789,1
1,tmr,17,160.463916,915.6770821,25.07148946,4.061899973,2.72516275,41.22386585,3.35279129,2
1,tmr,17,173.0936514,934.6103058,21.78483963,2.155828649,2.767805874,46.52903085,2.28955293,1
1,tmr,17,158.1466592,933.563323,24.34034062,1.47981259,2.791466767,15.99882746,2.123002085,2
1,tmr,18,690.4329486,1010.368407,23.9808139,5.964955932,2.808778851,120.9087176,4.698497581,0
2,Cy5,1,435.1456075,157.9791514,23.88429897,1.171786593,2.728655754,22.72130709,2.091840339,1
2,Cy5,1,409.6898993,235.9824679,24.08636212,1.026881847,2.277062973,17.71005725,1.823030731,2
2,Cy5,2,976.3251621,170.815426,24.48576292,1.903272294,3.421297091,48.84653668,2.63622975,1
2,Cy5,2,935.9805065,208.8229251,27.9878352,1.897769714,2.351589673,24.87160297,3.186303387,2
2,Cy5,3,101.560731,333.2119716,24.44779445,2.925576914,2.896534078,45.2126229,3.959834835,1
2,Cy5,3,98.08475427,351.4071408,24.66729321,1.279417999,2.483678095,18.793844,2.401276276,2
2,Cy5,4,665.1672162,370.3004111,24.86416954,2.233674345,3.190874626,32.98759731,2.540608341,2
2,Cy5,4,631.4223432,338.1655562,23.53605902,1.985033997,2.621915745,21.32642252,2.432423957,1
2,Cy5,4,649.1170929,353.0280233,23.79191515,1.703124191,2.363296506,28.92934785,2.533396049,2
2,Cy5,5,615.1078867,486.1927446,24.37133991,2.375736955,2.287895733,36.4962779,3.118802619,1
2,Cy5,5,640.8192716,454.1520482,21.44699932,1.876867065,2.815419308,32.89311361,2.541627689,2
2,Cy5,5,657.2147289,440.8159574,21.96166604,1.644065864,2.609194485,21.78584247,2.501403181,2
2,Cy5,5,626.2784884,485.0448883,25.05949603,1.23296334,2.898477803,15.40394505,1.834112878,1
2,Cy5,6,764.0871996,534.493829,21.86700638,3.426723558,3.231748265,75.09941453,3.579626048,1
2,Cy5,6,754.6149336,512.7756826,25.68632728,2.479643164,2.772291943,34.0669898,3.205029014,2
2,Cy5,6,763.0575219,541.3852883,24.51591021,2.023090111,2.698236264,18.65523974,2.543520309,1
2,Cy5,6,755.2976839,501.5903575,24.03949831,1.46773668,1.465667839,18.31739359,2.112508059,2
2,Cy5,7,90.80388686,520.8914667,24.01819904,1.501243498,3.951366079,24.28035911,2.541071429,2
2,Cy5,7,55.24569331,476.3798507,23.29150872,1.429035607,2.80243315,18.71727067,2.3025,1
2,Cy5,8,575.284321,515.7795128,28.04737811,0.890351173,2.847199429,9.981428667,1.547890536,1
2,Cy5,9,806.8440272,724.319669,21.66308757,1.603686746,2.902914612,12.95363574,2.401150252,2
2,Cy5,9,821.2599981,719.6590697,24.00524021,1.59644553,2.510516759,14.24084282,2.295470884,1
2,Cy5,10,231.2815074,751.6003008,21.21737063,4.977232958,2.666993746,89.32626118,5.319547543,2
2,Cy5,10,256,758,24,0.993158915,2.370710328,13.28005341,2.002474373,1
2,Cy5,11,309.9326613,815.7407471,21.62527866,1.235279598,3.230067001,22.26870412,2.154635527,2
2,Cy5,11,345.0139437,819.010503,21.37187743,0.900812878,3.158825509,10.96072206,1.711960368,1
2,a488,1,408.9228008,255.3649252,25.96372897,2.69739349,2.661204672,14.61612156,1.8268,2
2,a488,1,437.6054741,153.2405593,23.26062475,1.660427534,2.927829807,9.692813876,1.474133333,1
2,a488,2,981.8853065,176.7144694,25.44709957,2.278200033,2.946688016,33.77745254,1.736296906,1
2,a488,2,935.8341773,192.2178012,24.30727478,1.407186707,2.190979227,8.320441259,1.614461137,2
2,a488,2,955.5815119,198.0982113,23.66311921,1.404440169,2.843805794,23.06885604,1.491527749,2
2,a488,2,979.0768485,173.3526174,24.84042205,1.323001317,2.255653533,2.176856554,1.491390547,1
2,a488,2,945.7818628,199.8998986,27.35385073,1.015182869,3.0371325,7.121795864,1.433353914,2
2,a488,3,99.50027705,353.0180969,21.81224406,1.510707458,2.262340907,9.446549994,1.507168718,2
2,a488,3,85.67599999,359.9812189,25.34946361,1.476644755,3.039775728,10.12669158,1.459666908,2
2,a488,3,103.5207954,335.1311438,26.19054707,1.340755475,2.398782652,21.42325468,1.558580739,1
2,a488,3,97.77157456,338.7918554,26.60914977,1.306791731,2.653057289,5.230863265,1.554091238,1
2,a488,4,668.0415905,368.7422597,23.27698903,2.520309204,2.577156682,15.05233516,1.664204086,2
2,a488,4,671.1329621,373.6833273,24.39165489,2.26979357,3.044363261,6.481205641,1.514717765,2
2,a488,4,633.8624255,332.2495083,24.32359075,1.950918193,2.792517327,11.58059237,1.463234445,1
2,a488,4,631.3973726,368.3831213,23.51676864,1.540055747,2.638944618,19.04019006,1.467159183,2
2,a488,4,674,369,26,1.389023683,3.327863553,12.22876029,1.20627958,2
2,a488,5,616.0235662,488.1485944,22.46387677,4.798542054,2.857182915,19.63215171,2.299044989,1
2,a488,5,627.583828,477.3059507,23.93557453,1.391500979,2.702940086,11.68741055,1.362674031,1
2,a488,5,659.0167792,428.4951014,24.41904619,1.16449442,2.933571175,12.62327095,1.295593142,2
2,a488,5,687.3433338,442.402622,23.13730288,1.15267294,2.592392192,10.80543411,1.254170981,0
2,a488,6,744.0450539,536.8888876,21.4091738,2.041835388,1.911790237,16.3589847,1.821611722,1
2,a488,6,755.2360753,536.7444104,21.5619905,1.914394731,2.597152171,14.65070549,1.680952381,1
2,a488,6,743.8985757,509.1731118,26.15573082,1.799298719,3.068114886,18.75429165,1.553724054,2
2,a488,6,753.5502527,523.7722309,25.13248526,1.441208169,2.485454893,17.20794878,1.442246642,2
2,a488,7,56.48918571,478.972254,22.63226336,2.469253019,2.967240219,12.46526112,1.776613123,1
2,a488,7,105.1064456,522.7898855,23.17094848,1.972448282,2.934318852,21.3092896,1.645929758,2
2,a488,7,102.6118752,519.8527013,23.10901227,1.198183925,3.050977391,3.060783936,1.445412469,2
2,a488,8,543.1008201,532.036471,26.19155416,2.966376771,2.309476909,21.87077346,1.884100238,2
2,a488,8,577,525,26,1.841668824,2.350838855,14.8258784,1.551739037,1
2,a488,8,542.8233573,535.6842797,27.76545971,1.788698084,2.758286771,6.934738337,1.419421041,2
2,a488,9,808.5944542,732.7012496,22.47107703,1.841513247,2.433490465,29.94351269,1.61587517,2
2,a488,9,832.7921135,731.9268629,24.15604704,1.655657399,2.703639895,49.65579876,1.653459973,1
2,a488,9,799.7802698,716.9449043,21.90651998,1.42785182,2.707224235,16.90713255,1.580868385,2
2,a488,9,830.0583375,729.7887908,25.8480228,1.083541751,2.860996614,10.98369123,1.384396201,1
2,a488,10,262.6028214,755.8303474,22.46823804,1.897509812,2.899263917,7.72979045,1.670613563,1
2,a488,10,255.422759,762.7773372,22.33040557,1.117138835,2.625320237,11.08190073,1.346474704,1
2,a488,10,223.2038695,768.8803661,23.37120875,0.987234147,4.029311386,7.175898919,1.235199139,2
2,a488,11,288.3175584,830.0903266,19.98678417,3.550297449,2.664204692,7.189182583,2.374432365,2
2,a488,11,290.7841243,827.3619982,20.0632855,2.416409078,3.250843106,32.5084421,1.939452319,2
2,a488,11,347.1583859,823.7480561,22.36526766,1.182171315,2.853513624,5.379572919,1.31842576,1
2,a488,11,353.4354158,824.5887663,22.25719992,1.169212417,2.635222049,13.50503426,1.327095087,1
2,a488,11,351.2093647,829.7090665,22.67179435,1.060688471,2.574420372,3.559403189,1.33273703,1
2,a594,1,411.6775207,245.7603362,23.92847446,8.373788334,2.780125942,41.46694566,7.283090222,2
2,a594,1,437.3615763,151.0305346,23.74056282,6.149891987,2.882152599,59.99379486,5.148838466,1
2,a594,2,974.2389447,171.7527605,24.6488744,7.765702707,3.155468787,122.2698032,7.557819978,1
2,a594,2,926.9762786,190.8691912,21.90353824,4.342578662,2.620608965,57.4630032,5.314188668,2
2,a594,3,94.473922,353.0860442,23.03979151,10.76488531,2.771035585,87.78573508,9.369460909,2
2,a594,3,110.7373972,330.8813617,25.4142489,8.862082052,2.8892643,122.2865591,8.018063788,1
2,a594,4,631.8564972,337.1598048,23.60063136,10.05591747,2.716984798,211.5831815,8.892481396,1
2,a594,4,628.2208028,340.2768314,24.36757977,4.15782939,3.01764025,1.759189351,4.034128817,1
2,a594,4,652.0558516,368.3698691,24.6823036,3.383078535,2.513995806,36.86919339,3.311778291,2
2,a594,4,658.669495,378.7995606,23.42385996,3.308263825,2.533563305,40.25302553,3.263022838,2
2,a594,4,664.1267668,364.6522871,22.19089489,2.912562183,2.509680129,31.88727503,3.121118809,2
2,a594,5,608.9879137,493.4102757,26.06422566,4.640808518,2.836026137,30.22743442,3.809295277,1
2,a594,5,658.477701,440.6556937,21.932589,3.997222895,2.617243424,38.29387163,3.742359182,2
2,a594,6,762.1965423,539.6173662,21.22269575,5.134712012,2.726967119,11.47809661,5.464247021,1
2,a594,6,751.9212685,540.1298422,23.06144265,3.516321592,2.276353544,33.14656135,3.606717226,1
2,a594,7,60.45796522,479.9068967,25.35408966,11.68553285,2.980989973,27.55379519,8.494827151,1
2,a594,7,91.37263302,519.885077,22.94243087,6.424758591,2.620889806,10.25691612,5.411304567,2
2,a594,7,85.99610614,511.4949374,25.07057591,4.51081404,2.631996636,21.59817082,4.052233157,2
2,a594,7,97.12532855,518.6410874,22.86490655,4.00467102,2.935218677,19.42328848,3.572798385,2
2,a594,8,578.0572572,537.668279,25.6509361,5.207698849,2.63803946,69.13573046,4.559581712,1
2,a594,8,539.1834095,546.468926,29.79995359,4.693779785,2.649596863,46.97145628,3.800340467,2
2,a594,8,548.1343499,542.7553319,25.06464171,4.592164975,2.588642956,30.9563933,4.53672179,2
2,a594,9,823.9201866,729.6792368,23.87927531,9.438451924,2.766455344,93.09084727,8.60407659,1
2,a594,9,808.8037927,724.4755234,22.38657797,7.993659592,2.704362635,35.02033982,7.448116121,2
2,a594,10,253.6610278,760.9395656,23.21302681,9.724370663,3.083427839,96.08124596,7.369201726,1
2,a594,10,207.7804651,758.9535891,20.95571175,3.841554539,2.824678995,92.3250608,4.093311758,2
2,a594,11,299.2908691,816.1893857,22.00569444,14.8222611,2.876151781,122.6894572,11.99694953,2
2,a594,11,349.6856005,820.7812383,21.28579071,2.795955868,2.545783219,85.12066003,2.962007765,1
2,tmr,1,434.87898,158.1547497,23.60873959,2.389982655,2.900324266,29.78304833,2.63940614,1
2,tmr,1,409.4275305,235.6523807,24.00638259,1.246432391,2.574486063,24.81514284,1.733014595,2
2,tmr,2,976.6657975,170.7769404,24.3623622,2.08061405,3.540530817,31.25437748,2.430955121,1
2,tmr,2,935.8494105,208.9959421,27.62516574,1.905158277,2.598828978,34.69089306,2.720368239,2
2,tmr,3,101.1453196,333.3094437,24.35042598,6.943407393,2.798068278,71.96517889,5.647736195,1
2,tmr,3,97.8938233,351.0934209,24.70376919,2.58634435,2.802974029,18.30308632,3.069615284,2
2,tmr,4,665.127203,370.3010689,24.56704141,4.799045054,2.997145627,65.86898647,3.68796234,2
2,tmr,4,648.8062938,353.5536775,23.59279441,2.790759941,2.779179705,41.23087562,2.459762385,2
2,tmr,4,653.2683382,365.1248083,25.40967901,1.690234471,2.795462447,25.460564,1.945079579,2
2,tmr,5,615.0879838,486.3794894,24.34521969,2.614761237,2.299547035,51.37183953,2.412229242,1
2,tmr,5,657.5897028,441.1952518,21.79454071,2.16709845,2.651196244,34.3378383,2.328068592,2
2,tmr,5,640.7120322,454.0360391,21.22603855,2.063257027,2.34879024,34.25969379,2.380189531,2
2,tmr,5,626.3771544,485.2728257,24.84723573,1.712237765,2.858574172,22.31562758,1.88650722,1
2,tmr,6,764.0873468,534.475787,21.86673879,4.993672956,2.971445287,76.97436684,4.049237691,1
2,tmr,6,754.4504138,513.0323443,25.48692541,2.924900049,2.859381592,40.16680588,2.960009998,2
2,tmr,6,763.1707367,541.462627,24.63638673,2.587032275,2.720379006,13.31111663,2.696075981,1
2,tmr,6,755.4879721,501.6422914,24.16766061,1.968256288,1.940621649,26.27830349,2.302924269,2
2,tmr,7,55.19790419,476.4891973,23.01152471,2.293728528,2.875076771,21.39908192,2.329626124,1
2,tmr,7,16.35547849,497.043311,20.6922427,1.817119063,2.921923236,28.39930253,2.058920965,0
2,tmr,7,61.54017983,489.5979488,25.57297943,1.634312711,2.745490002,20.28384878,2.011594889,1
2,tmr,7,90.45864881,521.5046966,23.7595393,1.913118349,4.183294095,23.67911329,2.319214387,2
2,tmr,8,575.2387782,516.0215429,27.89904644,1.954145957,2.438465797,18.57986437,2.07543717,1
2,tmr,9,806.0020086,724.1733159,21.46423205,3.888440615,2.856715058,77.0630907,3.938361948,2
2,tmr,9,821.1903871,719.7682453,23.82270926,2.847847447,2.533968838,46.62079576,3.238108641,1
2,tmr,10,230.9170681,751.8316396,21.1617527,5.394166361,2.685376105,90.77800554,4.5133808,2
2,tmr,10,255.3598292,758.1241181,23.02756556,2.457733453,2.920524429,44.97245808,2.341026271,1
2,tmr,11,309.8927975,815.8075849,21.34086309,2.340701323,2.920115342,33.84799534,2.321221297,2
2,tmr,11,344.3587066,818.865333,21.44747496,2.0333665,3.342020843,34.98986953,2.099167298,1
3,Cy5,1,705.1382519,185.122264,24.14477017,2.04615315,2.841700008,22.4056002,3.067526555,2
3,Cy5,1,721.2470877,215.4259713,23.69352994,2.027905283,2.951876746,22.56176301,3.003414264,1
3,Cy5,2,80.96421391,236.512312,22.76741478,1.512934782,2.195280838,20.26928021,2.586764706,2
3,Cy5,2,115.3523023,234.8339313,23.6422588,1.500061256,3.189952788,29.07681088,2.279779412,1
3,Cy5,3,54.69464953,394.7703323,24.50034551,1.436965328,2.739481018,12.99761542,2.018159048,1
3,Cy5,3,50.9156655,413.8266561,28.6572595,1.195954178,3.0026844,11.30211511,1.82341891,2
3,Cy5,4,635.8977121,380.9493674,26.51514384,1.700135709,3.061144544,23.6014708,2.407456285,1
3,Cy5,4,629.1940169,379.935631,25.35990434,1.501513452,2.772715426,9.908920043,2.140877598,1
3,Cy5,4,646.903401,365.1095272,24.49162066,0.952580809,2.797617182,13.82788184,1.777301221,1
3,Cy5,4,738.4715462,362.8922801,23.93963336,0.8978009,3.193822711,24.52664304,1.536456615,2
3,Cy5,5,363.8267651,442.5280859,23.85662688,4.489367504,2.834444868,75.63100619,3.87943662,2
3,Cy5,5,358.1323825,436.0561449,23.1444863,1.072533193,3.190221985,7.216930775,1.743098592,1
3,Cy5,6,437.9498817,438.7871111,22.4943482,1.95618457,2.621040417,44.43719161,2.547250859,2
3,Cy5,6,446,485,26,1.582397749,3.586742076,18.18599675,1.939576174,1
3,Cy5,6,462.8972176,485.893364,21.21476625,1.861810182,2.416685648,21.93087928,2.565578465,1
3,Cy5,7,341.6389178,512.9104657,23.85572923,1.862152274,3.250842615,17.4466407,2.195816386,1
3,Cy5,8,400.362872,511.994229,26.25541045,1.467917437,2.736523266,22.99077896,1.948089822,2
3,Cy5,8,486.5614885,524.5547355,24.62913519,0.612005211,2.398350638,7.441196523,1.295713036,1
3,Cy5,9,143.9958264,596.1797233,26.13956986,3.151224862,3.407435934,4.305289027,1.745871907,2
3,Cy5,9,144.4212806,599.8573488,25.98972356,2.151224862,2.630812055,11.87792227,2.580297289,2
3,Cy5,9,134.5097332,584.3790489,28.51928274,2.070091014,2.852694498,19.04580936,2.303410085,1
3,Cy5,9,143.8617878,579.1015651,27.43428232,1.552174501,2.857224348,15.58299887,2.280384727,1
3,Cy5,9,141.0959692,583.9383352,26.48753941,1.371071216,3.018249495,3.743792599,1.967064996,1
3,Cy5,10,704.55385,563.2737027,25.81805619,2.856184274,2.761361197,25.3863164,3.283811475,1
3,Cy5,10,809.3623725,618.620048,24.89921349,1.644298368,2.900809798,24.56801028,2.293715847,2
3,Cy5,10,814.8329737,603.9233173,22.96935179,1.602626497,2.752404666,31.31131539,2.292691257,2
3,Cy5,11,552.846492,671.1227541,23.12915736,2.025070263,3.082722529,16.57288623,2.627851549,2
3,Cy5,11,637.9972966,621.194962,21.50522977,1.421491541,2.566989745,24.69558073,2.096016343,0
3,Cy5,11,656,589,24,0.825878564,3.23748618,4.73646757,1.631256384,1
3,Cy5,11,646.5461375,587.2210204,24.06639014,0.838199138,2.552068594,10.49599246,1.557030984,1
3,Cy5,12,32.40504204,693.5171433,20.9042067,2.874473713,3.03691941,42.337966,2.792738275,2
3,Cy5,12,64.58906223,697.1035005,25.50408952,1.884968301,2.905740194,36.99130494,2.226928896,1
3,Cy5,12,81.52065384,691.1885369,26.06710595,1.515591067,2.907948219,29.68607326,1.921633888,1
3,Cy5,12,36.84535227,685.4759725,25.66873159,1.482031745,2.976143381,16.28771788,1.887443268,2
3,Cy5,13,864.4410631,654.7833433,23.06497875,4.521694028,2.606059768,58.00822729,5.770645646,2
3,Cy5,13,915.3676323,714.611234,24.4469996,2.153862923,3.022741032,12.52385113,3.043543544,1
3,Cy5,13,920.9593634,702.9904331,21.64144771,1.308761535,2.427483308,33.54886769,2.528903904,1
3,Cy5,13,924.5431063,732.1273984,21.73883161,1.114810703,2.703812608,11.02207761,1.796546547,1
3,Cy5,14,324.0342501,730.3420705,24.69053556,1.917011671,3.190788569,6.700666587,2.293070392,1
3,Cy5,14,320,731,25,1.530065734,2.716917804,2.131812318,2.21802246,1
3,Cy5,15,548.5766045,897.9850886,26.13209464,1.905855678,2.887599772,25.62501513,2.354137447,1
3,Cy5,15,444.9808823,882.9787313,24.7516893,1.026244449,2.588867188,21.01251554,2.067321178,2
3,a488,1,732.0383587,215.1141146,21.69878745,3.523904775,2.728514292,61.89022774,2.513676936,1
3,a488,1,703.6559603,168.4915666,22.25591217,1.875559247,2.964412199,15.32288204,1.541174777,2
3,a488,2,60.5836705,240.2996113,23.71122684,2.763569403,2.879178334,31.14695193,1.948387097,2
3,a488,4,715.7140512,349.9865628,24.13502759,2.089348611,2.679663853,12.40614309,1.824903723,0
3,a488,4,626.7238467,377.854629,25.18525191,2.07644652,2.726370987,30.56002849,1.628498074,1
3,a488,4,740.2059009,359.5807714,23.75289612,1.400852776,3.154225287,11.70219148,1.421437741,2
3,a488,4,743,355,25,1.25566096,2.867184966,7.350504974,1.333504493,2
3,a488,4,723.4402086,377.9459181,23.10915968,1.14888034,2.994854393,8.319650643,1.306290116,2
3,a488,5,358.5294957,449.2469654,25.32665893,4.005718149,2.840908999,30.13135274,1.975803664,2
3,a488,6,434.0560797,433.5464128,24.04113272,3.745424949,2.459960938,17.28492317,1.963159107,2
3,a488,6,437.5580448,489.3684957,25.45874452,3.277734468,2.94924392,16.63794362,1.744301174,1
3,a488,6,430.2735827,432.8452015,24.04481336,1.640973785,2.863651957,1.352333631,1.374280451,2
3,a488,7,340.6126057,492.711208,24.36654341,3.183111115,2.722016277,11.56615171,1.678004794,1
3,a488,7,331,504,23,1.352238711,2.588380365,17.53091895,1.344024655,1
3,a488,7,294,582,24,1.299381303,2.600057169,14.41206488,1.246775482,0
3,a488,7,320.8846836,575.7279869,21.84253808,1.262300318,2.610284391,14.71703786,1.329528593,2
3,a488,7,315.7679285,519.6419836,25.84462078,1.261017037,2.454849305,12.18424161,1.326903322,0
3,a488,8,390.8404351,514.1643695,27.88730606,1.968306998,3.71308227,28.04702243,1.452331002,2
3,a488,8,484.1745459,525.4608668,22.72509259,1.815962326,2.862108072,5.853991805,1.42983683,1
3,a488,8,456.0858392,518.5871334,24.75761211,1.375287267,2.262324205,10.53611945,1.358391608,0
3,a488,8,389.4851143,534.1635142,28.42083525,1.081272649,2.374221151,10.27633364,1.329020979,0
3,a488,8,484.7343741,530.2146031,22.31101648,1.02813256,1.976114978,5.465591741,1.321095571,1
3,a488,9,150.9389873,567.9657268,24.71097523,1.228881968,2.782226563,11.03325911,1.334685834,1
3,a488,10,701,559,24,1.384612555,4.028396755,9.851252624,1.419106116,1
3,a488,10,816,620,25,1.379804379,2.880038259,6.876479562,1.328933612,2
3,a488,10,735.376733,554.5769917,25.68795557,1.35721329,3.18122074,12.91172349,1.427992682,0
3,a488,10,814.410345,600.8006518,23.37607077,1.020995665,2.639446069,18.43427255,1.280057501,2
3,a488,11,554.3775244,673.0674386,21.25698661,2.374530884,2.868075482,14.51540295,1.778519974,2
3,a488,11,654.4400804,585.6030599,23.19127559,1.319985922,3.676334911,11.93291708,1.341584807,1
3,a488,11,581.0347243,643.2046997,20.42974397,1.274254566,2.522423636,8.284300556,1.36254093,0
3,a488,11,558.2871238,665.9287036,23.35570828,1.180340864,2.409114257,15.85037162,1.420825147,2
3,a488,13,869.8160227,650.613543,23.99587533,5.325625598,2.837517295,16.96725266,2.678365938,2
3,a488,13,919.8907081,716.2971348,25.26382995,3.055852845,2.405104832,59.83191791,2.183975834,1
3,a488,13,892.0512291,659.8858381,21.57752538,2.024421631,2.470639127,18.78788,1.710586881,0
3,a488,13,916.5243989,701.1513264,24.73539643,1.049340494,2.279397385,16.44675427,1.374712313,1
3,a488,14,259.6714294,728.0693337,24.39358678,1.930619248,2.877574471,10.42370831,1.447622178,2
3,a488,14,318.8827147,736.5557552,22.4577522,1.921720085,3.559039431,13.97637622,1.555884287,1
3,a488,14,282,716,21,1.26414087,2.311944463,5.957554626,1.365329827,2
3,a488,14,311.1294878,735.1723854,25.34813146,1.25718278,3.198837656,16.92089204,1.42724085,1
3,a488,15,550.603797,908.7590396,27.78613612,2.554659628,2.729168189,23.04450298,1.798506468,1
3,a488,15,455.9877244,896.592108,23.1567607,1.31543721,2.399020061,11.37966177,1.477663688,2
3,a488,15,434.2274193,885.1333641,26.2246051,1.284353852,2.427600629,11.18778802,1.440858781,2
3,a488,15,522.2432712,898.7364634,28.11451913,1.220548994,2.800164038,9.490773686,1.424456594,0
3,a488,15,431.5772594,882.3878825,25.50395659,1.210522921,2.580355095,2.192074542,1.266702227,2
3,a488,15,429.3427952,891.8996596,25.28579659,1.083368452,2.22249334,9.705452798,1.32697693,2
3,a594,1,720.1302287,223.9202604,24.66518541,5.31233876,2.889755119,31.20507458,5.457430097,1
3,a594,1,713.0136681,194.7325586,22.24562532,4.391595505,2.780817644,32.60035305,5.353125982,2
3,a594,2,65.21211218,255.4842584,21.71703078,4.113748244,2.511927178,70.94378875,3.816638843,2
3,a594,2,106.3264286,233.3779236,23.16636676,3.077984854,2.518258869,23.5866468,3.070395103,1
3,a594,3,54.71434934,414.5987697,28.68512483,5.825572631,2.572790397,28.06505558,5.007104574,2
3,a594,3,51.9955667,407.0692234,29.07506616,4.434031924,2.621104569,19.38979174,4.640658108,2
3,a594,4,645.1375457,371.6820735,24.52387588,6.417783075,2.628101645,106.603539,6.089024053,1
3,a594,4,639.7086678,384.1042695,25.8326146,2.869691027,2.771456378,14.16494189,3.150124412,1
3,a594,4,736.9501398,366.4322753,23.81396286,2.694113793,2.707092775,26.01758456,2.841857893,2
3,a594,5,359.9061999,433.7756366,24.68539152,8.779977722,2.575275898,32.90243139,6.860672615,1
3,a594,5,365.1934032,445.0218718,22.38791445,5.447432434,3.091193464,27.05059742,4.034774651,2
3,a594,5,354.5282622,429.6393326,25.66153756,5.151395579,2.519361147,4.299196103,3.878059941,1
3,a594,5,359.3694503,440.5184986,21.93018962,5.110159454,2.680534528,12.77115177,3.9540151,1
3,a594,5,364.7301286,441.1330765,25.39424848,3.820659477,3.002851356,36.62790014,3.588423702,2
3,a594,6,444.1487023,485.0578299,25.12293452,9.022397502,2.696734349,7.990300589,6.83937586,1
3,a594,6,434.2381899,434.8420493,23.63279079,4.878195144,2.543244794,35.22110003,3.97223497,2
3,a594,6,447.6150278,481.1168619,24.22375647,4.340016214,2.717682153,12.94330986,3.921064709,1
3,a594,6,443.5147339,490.0179183,24.81439286,3.557975854,2.705014831,1.517639801,3.194125746,1
3,a594,7,342.2031269,514.1970636,23.24233432,6.661747498,2.595481814,12.40598935,5.609633028,1
3,a594,7,324.6870766,567.778185,21.70123172,5.521725121,3.040039063,53.5029209,4.028211009,2
3,a594,7,343.3782382,510.9846028,23.19735828,5.197338484,2.639598945,15.59174623,4.57912844,1
3,a594,8,397.0057545,512.2292796,26.29688441,5.705658881,2.868691735,61.78741986,3.973318386,2
3,a594,8,471.7053281,517.9318896,24.91531024,4.494117597,2.683145157,41.59868429,3.882735426,1
3,a594,8,396.7784097,504.006586,26.67775933,4.443790901,2.502902884,26.14728057,3.774663677,2
3,a594,8,486.6619985,523.8904769,25.18762013,3.911338354,3.039647175,23.94541772,2.978475336,1
3,a594,9,153.2088429,573.5157807,25.98547985,3.212094177,2.69235137,11.82212343,3.195587221,1
3,a594,9,141.2034632,586.5735735,22.8682167,2.879462359,2.748928891,22.9942731,2.700528614,1
3,a594,10,703.2185296,563.6658146,25.39208717,9.321113929,2.949738499,42.07203594,7.888415673,1
3,a594,10,705.0513472,553.9993739,25.41945306,5.121064771,2.416919428,22.88396644,4.791595684,1
3,a594,10,792.9123114,609.5982729,23.50704124,3.40095846,2.781648962,29.49594363,3.463657013,2
3,a594,11,657.5910961,588.2988867,23.22035647,7.653840532,3.092189519,80.4857557,6.240294701,1
3,a594,11,566.7436358,666.5055368,23.50478625,5.982441083,2.575141738,47.11330955,5.474638708,2
3,a594,11,551.3253561,671.8954482,23.16174954,3.805579751,2.557031374,26.62003321,3.738736186,2
3,a594,12,64.37307367,696.7239312,25.39739978,6.851450198,2.88725637,92.76530945,4.840183697,1
3,a594,12,29.22192692,696.4990138,20.43826457,4.243086193,2.744134898,34.59010882,3.302870264,2
3,a594,12,44.03898985,689.4640004,26.34546004,3.862319788,3.136234757,5.077922907,3.569230769,2
3,a594,12,46.87480453,692.0244238,26.15397673,3.09902619,2.880338916,6.120519393,3.506544202,2
3,a594,13,913.7370444,717.3371722,24.17585905,7.567126607,2.930846943,64.13449663,7.117234788,1
3,a594,13,849.8055219,698.9110792,22.27137935,4.341748656,2.834796414,95.53306007,4.29308697,0
3,a594,13,867.2639737,657.4085231,23.08225668,2.882942265,2.83396729,14.83672632,3.386747372,2
3,a594,14,327.3120046,737.7423119,24.35202754,7.077289983,2.583932396,22.9809086,4.774323181,1
3,a594,14,260.65114,730.2896866,28.23222672,3.583773693,2.832600933,24.62552148,2.931472081,2
3,a594,15,547.5704054,898.7959522,26.63655186,8.437681183,3.211914063,54.37365827,6.823304158,1
3,a594,15,451.194864,880.9678586,23.77601137,5.076586348,2.469539064,40.19632959,4.999452954,2
3,a594,15,460.2834912,892.0395418,24.9255185,4.226781481,2.575044394,40.78611119,4.521334792,2
3,a594,15,440.1930059,881.6350048,25.72486428,3.865129318,2.983678643,24.52017843,3.680525164,2
3,tmr,1,721.6447065,215.294339,23.61946443,3.050681035,2.972117185,24.73330659,3.267391927,1
3,tmr,1,705.4387263,184.8838696,24.11055911,2.803009249,2.857510069,37.04855242,2.986544518,2
3,tmr,2,114.6442499,234.2775523,23.58210171,3.494130116,3.176793711,52.26065636,3.22673031,1
3,tmr,2,80.59345174,236.3128511,22.43329264,3.181634866,2.594521351,45.00521235,3.18005834,2
3,tmr,2,104.971742,239.8058684,25.9442563,1.546738828,2.650467376,12.81353649,2.318483161,1
3,tmr,3,54.22666899,394.4229674,24.50451228,2.539154521,2.434285035,29.60153652,2.426193119,1
3,tmr,3,50.04195087,413.7810373,28.30919113,1.530718997,2.697552153,27.1474497,1.984683685,2
3,tmr,4,628.9873266,379.8906402,25.3191881,1.841425647,2.394587726,14.67505547,2.320793086,1
3,tmr,4,635.9128025,380.6725242,26.27726513,1.791857098,2.445863695,19.9829549,2.21581088,1
3,tmr,4,646.794584,365.1874717,24.00376928,1.759472097,2.437644564,22.76048057,2.36095577,1
3,tmr,4,738.7556932,362.8987309,24.18839416,1.44361927,2.672454362,20.88706594,2.015760041,2
3,tmr,5,363.8074525,442.4235827,23.8363705,6.64599725,2.756974712,90.32042664,4.257538712,2
3,tmr,5,358.4687747,436.7250331,23.68236317,2.164942266,3.226235244,4.828879409,1.950692747,1
3,tmr,6,463.2325481,485.9207623,21.48380114,3.037946963,2.534435481,24.07307471,2.81527719,1
3,tmr,6,425.7718308,449.3909262,24.59317309,2.365113656,2.478555089,44.67622693,2.125687685,2
3,tmr,6,437.7722107,438.817688,22.19870598,1.682066734,2.624117964,27.67929182,1.808717732,2
3,tmr,6,446.173696,485.7512688,25.25184527,1.185062032,3.203436466,11.51667173,1.453449006,1
3,tmr,7,341.0383435,513.1466924,23.44810841,4.921840119,3.115546168,86.14472531,3.619738167,1
3,tmr,8,486.5057719,524.6334283,24.79970538,1.830171981,2.532463413,20.38197331,1.769883351,1
3,tmr,8,401.0641232,511.5866422,26.19773893,1.823363481,2.952089791,17.27508392,1.795758218,2
3,tmr,9,134.2953029,584.6115157,28.4194764,3.123738577,2.691270304,37.36021863,2.576477757,1
3,tmr,9,143.8429003,600.0584099,25.78403316,1.574848286,2.728443941,10.26613596,2.08125127,2
3,tmr,9,144,597,27,1.503331795,3.265440803,10.63716495,1.860857201,2
3,tmr,9,140.7355358,583.8159256,26.75678338,1.352170749,3.417318677,3.845061647,1.691245176,1
3,tmr,9,143.6514481,579.3821655,27.40542111,1.388547002,2.792076831,21.68447489,1.647978875,1
3,tmr,10,705.356024,563.0476599,25.80390369,3.281885476,2.486540394,25.43246151,3.520074448,1
3,tmr,10,809.1732846,618.5466838,24.95401898,1.994385761,2.79459528,19.98060243,2.167774528,2
3,tmr,10,814.6752746,603.8754446,23.24602989,1.453682614,2.900700049,29.34033788,1.929540016,2
3,tmr,11,581.736933,673.0905569,21.00548926,3.199605572,2.585629933,30.99183358,3.272984441,0
3,tmr,11,638.2508285,621.4198879,21.37783879,2.220226416,2.850435299,29.21110755,2.275170374,0
3,tmr,11,552.2759555,671.0246513,23.28461918,2.09784676,2.932617188,29.41488618,2.244567314,2
3,tmr,11,551.9178042,670.3146378,23.26271225,2.09784676,2.920700005,36.59176072,2.281085251,2
3,tmr,11,659.1880632,589.6361111,23.20819504,1.986569792,3.049941026,40.39455363,2.377523467,1
3,tmr,11,646.7241918,587.0225613,23.82415081,1.662895502,2.457150576,20.07858027,2.115983027,1
3,tmr,11,655.3775689,588.8216569,23.73736541,1.591367578,2.705293961,2.621829227,2.118554713,1
3,tmr,12,64.28840892,697.3152672,25.54889665,3.980397694,2.67291653,87.74161101,3.085300207,1
3,tmr,12,32.16157313,693.6995686,20.82050162,3.3288635,3.017787913,43.71192625,2.572670807,2
3,tmr,12,81.08825375,691.0877,25.99399899,1.931623718,2.695635138,37.75243203,2.022567288,1
3,tmr,12,36.36167508,685.7385697,25.75741587,1.87287985,2.477094747,41.88176634,1.922567288,2
3,tmr,12,68.82126675,680.3644658,22.56517936,1.558627025,2.784069272,21.70457395,1.72173913,1
3,tmr,13,864.3243426,654.7005747,22.99147625,3.889793074,2.747020721,59.7156519,4.119127008,2
3,tmr,13,915.3203939,714.3657801,24.27581037,2.95597962,2.530207285,9.13346525,3.227038497,1
3,tmr,13,915.8595965,720.7198037,24.38699251,2.077153172,2.641867649,7.64256017,2.692937254,1
3,tmr,13,920.9901126,703.1076113,21.48781942,1.876684627,2.502136874,32.63124133,2.850560776,1
3,tmr,14,324.419262,730.4301542,24.56933475,2.402735148,3.161547659,6.548659214,2.187765342,1
3,tmr,14,263.3269876,723.8114217,26.06119283,2.220570796,2.813030819,14.87712408,2.029332304,2
3,tmr,15,548.5927147,898.0826803,25.97045225,1.883769458,2.971030811,23.84994415,2.108636476,1
3,tmr,15,444.8754308,883.020625,24.86690244,1.853941176,2.677597288,14.78483443,2.237812423,2
4,Cy5,1,240.7396572,167.7660399,23.40215182,1.993664565,2.963534358,16.81117671,3.090045436,2
4,Cy5,1,215.7322869,39.64234751,24.29457927,0.838507939,2.194313674,18.45181423,1.780256093,1
4,Cy5,2,251.1834854,257.59408,27.24355617,0.876116192,2.839713675,8.647906235,1.749192246,2
4,Cy5,2,248.9508323,262.2388131,26.55386191,0.807256448,2.564326352,4.175732286,1.988691438,2
4,Cy5,2,195.2469411,218.3380671,26.21942458,0.688339794,3.055929561,14.79573055,1.589660743,1
4,Cy5,3,544.2797721,281.1315261,27.41143161,0.98704488,2.995564691,10.29866888,1.834789214,1
4,Cy5,3,447.0577489,230.8933577,23.0440962,0.942883804,2.910716279,6.842837959,2.034941132,2
4,Cy5,4,529.0700951,311.2547307,24.66507956,2.772264265,2.813042667,39.17269701,3.935060197,1
4,Cy5,4,545.5629985,371.5702153,24.83734482,1.596940294,2.467092366,9.795363029,2.373221452,2
4,Cy5,4,539.1117691,369.969949,25.08127089,1.483518357,2.85672515,9.001135846,2.538854433,2
4,Cy5,4,567.699535,367.6882343,22.54153246,1.420866547,2.427450202,25.44110296,2.207223641,2
4,Cy5,4,532.110621,377.4555475,25.22197695,1.155737604,2.372577469,15.31178507,1.877052171,2
4,Cy5,4,550.6849888,371.7820616,23.25558703,1.103986088,3.169140399,20.84708974,2.045238964,2
4,Cy5,5,473.3190122,522.6787656,25.28842706,1.927521726,2.969937649,8.961219791,2.384866123,1
4,Cy5,5,535.6765226,488.4914228,23.63142327,1.927224231,2.812062565,32.79742572,1.966006985,2
4,Cy5,5,465.0533,494.9212595,22.38614239,1.736951706,2.330438788,24.58338823,2.049825378,1
4,Cy5,6,374.6318513,508.641596,22.02784535,2.656846137,3.071859365,40.20515185,2.896562308,1
4,Cy5,6,371.8911638,503.5989284,22.80096978,1.536446317,2.012410903,2.311166718,2.140883978,1
4,Cy5,6,371.7845087,492.8514365,22.08570244,1.351132477,2.308988957,10.85696663,1.971761817,2
4,Cy5,6,364.2277895,487.1359858,22.49510466,0.891541323,2.620552583,16.03593692,1.53898097,2
4,Cy5,7,617,600,27,2.288721776,2.961421345,25.41924638,2.094266695,1
4,Cy5,7,626.0014939,556.5569046,23.33987753,2.136793378,3.130822429,19.51029404,1.73201632,2
4,Cy5,7,620.9675893,573.3898855,27.52605322,1.454336023,2.5135942,16.55517577,1.639252738,2
4,Cy5,8,778.5324758,612.4945097,23.6396911,2.452119911,2.79564404,21.73325832,2.514285714,0
4,Cy5,8,828.3414805,665.4358583,34.29754079,1.529285097,3.27432351,25.59937747,2.018511066,1
4,Cy5,8,805.4036916,662.2137265,42.28220067,1.512669944,3.176950623,22.69144732,2.251643192,1
4,Cy5,8,816,667,46,1.164946809,2.341425371,16.29658132,1.995171026,1
4,Cy5,9,448,556,38,2.051749017,2.91808603,8.560398287,1.729399622,1
4,Cy5,9,447,561,38,2.048939199,2.886623683,3.011070609,1.795286427,1
4,Cy5,9,446.5279106,576.3768298,32.08877166,1.173911133,2.622913746,10.51058011,1.151900912,2
4,Cy5,10,410.8794217,598.7502327,33.43933637,1.437565271,2.660077726,6.779134576,1.519851117,1
4,Cy5,11,936.7653547,655.3658226,24.95074421,1.303079779,2.760116671,12.98580672,2.09443447,2
4,Cy5,11,968.5349583,631.5206497,23.13741485,0.955407124,2.80178845,14.78492103,1.73967684,1
4,Cy5,12,37.18638696,683.498584,23.5977268,1.302178824,2.56931797,25.09608711,1.952631579,1
4,Cy5,12,35.71327133,712.7979047,25.12851483,1.006456184,2.250284856,29.47344978,1.937192982,0
4,Cy5,13,358.6904096,679.7869898,21.87963294,2.22699349,3.230790066,34.08973646,2.665247796,0
4,Cy5,13,367.2086841,718.1150786,23.59502477,1.135270749,3.972038659,16.58708906,1.869261174,1
4,Cy5,13,297,664,23,1.046884296,2.903600061,8.592196474,1.706293706,2
4,Cy5,14,592.4216372,713.3212719,28.14135216,2.867037862,2.438674111,6.70239576,1.201418905,2
4,Cy5,14,592.5536534,704.990425,27.11574372,1.867037862,2.309589153,19.2076441,1.645466591,2
4,Cy5,14,573.9612519,703.5326467,28.07176251,1.185176297,2.299199123,16.70001065,1.275979557,1
4,Cy5,15,678.4717449,711.3914335,29.85035252,1.767537005,3.574695826,13.90553523,2.036883457,2
4,Cy5,15,699,728,26,1.156939181,2.669649944,18.2913959,1.534482759,1
4,Cy5,16,508.0748305,797.9411231,22.30453213,2.181098002,3.052194576,46.53164479,2.564139521,2
4,Cy5,16,437.822256,773.0354461,23.70774631,1.268223835,2.806040846,16.37683053,1.686076679,1
4,Cy5,17,665.9286928,836.4255617,23.32551209,1.955317662,3.670009053,27.2399096,2.337099237,2
4,Cy5,18,153.3658931,925.9318,26.91557105,0.701349984,2.518947762,12.06239261,1.672772689,1
4,Cy5,18,162.2033317,941.9996183,23.64069905,0.686484011,3.07192871,14.94119215,1.778101582,1
4,Cy5,19,562.1898388,974.741131,22.88581719,1.638220393,2.619027659,19.49459055,2.610914802,1
4,Cy5,19,597.9304918,939.2934225,22.38472183,1.123306484,3.612780279,23.25504615,1.939144091,2
4,a488,1,204.8839683,49.82190275,25.69048915,1.55973442,2.444765884,10.59447145,1.688111424,1
4,a488,1,233.1141519,172.7189347,24.90236537,1.423538563,3.228508149,5.231186574,1.430442713,2
4,a488,2,241.3456649,253.3270791,28.39772722,2.386726227,2.565737298,24.23828063,2.063922518,2
4,a488,2,197.451653,223.3355888,26.59698699,1.569528084,2.346530968,20.02376184,1.61937046,1
4,a488,3,447.3498613,226.2644993,22.85471815,2.481553061,2.763662426,31.93723382,1.819003162,2
4,a488,3,449.7385725,246.557424,23.1268857,2.046827874,2.775538676,12.71570761,1.624002409,2
4,a488,3,548.8368657,281.4469116,27.09612229,1.067099106,2.847471697,6.088362127,1.397831652,1
4,a488,4,534.8551906,305.390766,23.58136424,2.614152366,2.959537542,21.32984902,1.829912444,1
4,a488,4,549.2212663,375.5549527,24.70382707,0.929592391,3.432276445,6.923288151,1.224199799,2
4,a488,5,541.4506845,476.0452514,22.97222277,3.653999107,2.478554599,19.47660094,1.565221476,2
4,a488,5,476,526,25,3.179274772,3.051340011,20.16432161,1.972004321,1
4,a488,5,475,500,25,1.195719411,1.855857485,6.197911326,1.253886984,1
4,a488,5,531.2458346,488.4964491,21.97076957,1.086276249,2.406577886,8.822712804,1.07670628,2
4,a488,6,373.7418278,514.6728267,21.69114369,3.006084043,2.626003131,56.93322455,1.888404944,1
4,a488,6,354,511,25,1.232164076,2.570353674,14.75097725,1.305002943,1
4,a488,6,371.9096395,493.0293412,21.63796082,0.954972414,2.460846775,4.788239716,1.294526192,2
4,a488,7,609,603,26,2.034722552,3.059172631,12.51338172,1.284877009,1
4,a488,7,597,572,21,1.106664822,2.717773438,11.12050368,1.185596306,0
4,a488,7,631.8779873,552.9861122,23.2123352,1.091556443,2.665495267,10.43222312,1.034721606,2
4,a488,7,615,548,44,1.03806105,1.406265149,18.34781169,0.985702868,0
4,a488,8,786.3345557,611.6719852,24.2560164,1.788761178,3.264860578,5.880330874,1.488341377,2
4,a488,8,818.2051421,563.8590864,26.82295883,1.777842777,2.600741699,22.51599134,1.435814072,0
4,a488,8,786.8391473,607.5068052,24.38987071,1.690276175,3.061523438,4.32853326,1.441300483,2
4,a488,8,812,671,46,1.233013234,3.816061738,1.794734598,1.385928372,1
4,a488,8,829,666,33,1.137608573,3.029977309,7.802555865,1.294691389,1
4,a488,9,452.2814497,554.5300297,36.79008649,1.875210491,2.420522337,9.901201657,1.148851001,1
4,a488,10,422,653,34,1.051039518,2.659498796,8.757921956,1.049730482,0
4,a488,11,929.8877754,657.7636354,24.04983449,2.728483937,2.900104587,23.92999555,2.001480883,2
4,a488,11,943.5264171,636.9480846,22.65478154,2.321352253,2.226450971,23.89091415,1.777732903,2
4,a488,11,961.4577178,628.6871155,22.66985265,2.213807738,2.994775948,27.91148078,1.706650512,1
4,a488,11,939.244651,656.4840797,24.87692834,1.042914149,2.607154987,7.782344485,1.261039311,2
4,a488,12,28.86866724,694.4096779,23.46941684,1.997084688,3.101442022,26.03122288,1.626252646,1
4,a488,12,32.12402134,719.1969054,23.17956904,1.250188523,2.920355918,6.126805582,1.319689485,2
4,a488,13,367,729,24,2.533110575,3.238895055,28.48047348,1.48967004,1
4,a488,13,357.6708267,680.788097,22.26669012,1.711674255,2.674086786,17.28373086,1.52739685,0
4,a488,13,310,663,22,1.26973389,2.124061688,18.47668684,1.289059225,2
4,a488,13,305,666,25,1.124780768,2.715571612,14.58500376,1.145577579,2
4,a488,14,574,687,29,1.409943656,2.459904378,10.24159491,1.067189521,1
4,a488,14,596.5493709,712.5737087,28.10085013,1.052463151,2.891461704,10.35916469,1.129851229,2
4,a488,15,672.7937672,714.707393,28.63759786,3.254768547,3.085969126,31.56254992,1.76855028,2
4,a488,15,687.2867599,704.959333,30.93168335,2.960629101,2.803393214,22.79771307,1.629897093,2
4,a488,16,501.9406347,801.1339829,21.78139013,1.198542786,3.694719086,6.975908344,1.190519392,2
4,a488,17,655.1102249,843.5131287,24.18224686,1.320469833,2.872085482,13.13842761,1.120191187,2
4,a488,18,165.3301882,959.2393281,23.59850693,1.636596595,2.879254725,22.48935615,1.602641448,1
4,a488,18,158.5888689,870.1187205,22.42853174,1.57493479,3.545339857,7.846359125,1.502038154,2
4,a488,18,160.8380381,953.801295,22.24178976,1.373134501,2.146710636,12.9654325,1.463068645,1
4,a488,19,594.9111996,942.4175913,22.46380226,2.403562279,2.666367847,19.77917753,1.7881156,2
4,a488,19,562.8985581,966.8706703,22.90088283,1.192629828,2.23429215,14.50875487,1.51017399,1
4,a488,19,607.5156154,921.5360705,27.65039297,1.024399547,2.766545849,5.689062118,1.346063108,2
4,a594,1,241.4538226,172.4371485,23.84791813,7.441787606,2.939099328,56.69574379,8.135307977,2
4,a594,1,209.3217691,49.43617173,23.99344164,2.484316788,2.799127856,24.66215874,2.986199933,1
4,a594,2,253.4357006,265.6986123,26.68115872,4.007208678,3.490345975,37.21273308,4.564850843,2
4,a594,2,194.0772606,218.8999314,25.64344908,3.564658678,2.642357231,95.48708357,4.25,1
4,a594,3,549.097861,273.1898254,26.4250732,6.075587213,2.73757917,42.14491592,2.622064114,1
4,a594,3,449.4030444,229.1294104,23.61016166,5.075587213,2.684204459,38.99732699,5.503489531,2
4,a594,3,458,233,26,4.711512341,2.737792121,12.91835278,5.174144234,2
4,a594,4,551.77107,369.0661989,22.88761833,4.01486395,2.6695233,29.98851837,4.334191058,2
4,a594,4,527.8889907,310.8527642,24.72504505,2.117287873,2.889431781,10.74405769,2.781601801,1
4,a594,5,486.532053,514.0921703,24.29488117,8.113602951,2.631159483,47.68999492,5.437986563,1
4,a594,6,374.3766739,510.3611876,22.64259625,8.27867618,3.21508206,49.72786665,6.874569992,1
4,a594,7,628.4672767,560.5593505,22.73627997,10.21990128,2.644207849,320.9841025,5.678628709,2
4,a594,7,617.0038812,606.41043,27.48850593,3.050247592,2.654988963,18.63644707,2.419807538,1
4,a594,8,819.6218285,572.5251812,27.74465409,8.182003688,2.812534295,187.1909163,5.973661538,0
4,a594,8,777.1763472,616.2847172,23.63407043,4.724510525,2.478437103,57.52894992,4.431753846,0
4,a594,9,450.5287947,558.2166354,37.95043603,4.770626726,2.67006673,82.16925148,2.808945378,1
4,a594,10,413.5699658,594.9918032,33.30918128,7.988054265,2.925016464,72.21086829,4.464166357,1
4,a594,10,417.0947375,642.8725265,33.52948891,4.560192668,2.824563496,32.49442123,3.103973264,2
4,a594,10,404.3954145,641.1235522,33.5320235,4.080885459,2.537713644,66.23803007,2.78574081,2
4,a594,10,379.8276223,626.5103896,26.34763198,3.895607028,2.785127398,36.82956166,2.807649462,0
4,a594,11,955.8775616,641.3895164,25.96011966,7.396320278,2.882418248,103.1861909,6.97807309,1
4,a594,11,927.028648,643.3357151,24.22411273,3.875096618,2.651182872,67.79818211,4.3,2
4,a594,12,34.0528759,714.1978636,24.16757981,3.776396341,2.916991467,55.59859758,4.059940653,2
4,a594,12,34.26829818,678.5174267,23.03336991,3.579844601,2.634617767,45.83798668,3.648664688,1
4,a594,13,366.5819899,716.6101519,23.8597788,9.644511716,2.852069792,70.31573241,7.003586066,1
4,a594,13,297.5287437,661.4045351,23.95636483,6.147578185,2.909449653,20.99201355,4.690061475,2
4,a594,13,298.1009094,657.8511071,22.11157211,3.853876632,2.653232631,19.20893836,4.054303279,2
4,a594,14,597,708,28,2.246054967,2.652748011,63.23224021,2.06524143,2
4,a594,14,578,709,28,2.486520027,2.84450655,18.13412735,2.206966458,1
4,a594,14,558.3760032,695.1332731,20.91517934,2.267985566,2.496728148,57.11277184,2.006450424,1
4,a594,15,693.7272394,715.2225421,28.04343755,5.073352036,2.735514936,53.57512846,3.802158273,1
4,a594,15,702.0254496,736.3440559,28.70574753,1.814357815,2.674756868,27.72044581,1.97778248,1
4,a594,16,430.1423416,777.8188208,24.80626058,4.528350899,2.664035175,43.97969776,4.415427275,1
4,a594,16,507,793,24,1.85477321,2.930870061,37.65779208,2.182001512,2
4,a594,16,442.6000743,776.2296341,21.95757905,3.371915976,2.466407232,25.22567902,3.215780187,1
4,a594,17,662.3235959,838.7865032,23.55544613,5.146972301,3.096757636,120.7682005,4.432732316,2
4,a594,18,156.0277982,869.1342854,22.0799289,8.44803331,2.814553687,82.77340512,8.570715474,2
4,a594,18,164.0854535,943.4997279,23.4712759,4.901889491,2.943156372,26.07877927,5.437271215,1
4,a594,19,593,936,24,3.64263472,2.77165292,32.9498419,4.765355418,2
4,a594,19,568,972,24,2.39966421,3.136717609,10.25867206,3.109040718,1
4,tmr,1,240.7955116,167.1830128,23.03221157,2.756912871,2.910684745,46.66452399,3.384591961,2
4,tmr,1,238.2472928,101.7115669,28.47307758,1.623664695,3.003752364,33.01964756,2.278014616,0
4,tmr,1,215.6693727,39.33024828,23.95189364,1.558007283,2.968111848,19.22873491,2.123020706,1
4,tmr,2,248.7209817,262.0725681,26.23871271,1.644606262,2.553289227,10.26168317,2.349790545,2
4,tmr,2,187.709661,198.1551013,23.39538325,1.576216035,2.705895483,17.45442548,2.147815679,1
4,tmr,2,194.9003797,218.0595976,26.39407818,0.877127113,3.179527624,17.94400072,1.635547576,1
4,tmr,3,551.3456562,279.2917195,26.72059525,1.149006346,2.603524149,20.00407083,1.873644093,1
4,tmr,4,567.8332696,367.7285362,22.5315915,3.068113848,2.523616197,45.36620375,3.413474979,2
4,tmr,4,545.4705379,371.5103665,24.66015942,1.784705896,2.273536117,19.21614404,2.316466313,2
4,tmr,4,528.7551198,311.1002537,24.46956178,1.613479287,2.545410352,41.68712705,2.223651104,1
4,tmr,4,539.4907801,369.6958525,24.61450614,1.273727107,3.035732399,4.131171955,1.68800671,2
4,tmr,5,535.5328625,488.5518444,23.55017644,6.56771469,2.815901835,40.12790469,3.738764286,2
4,tmr,5,473.6430261,522.6111049,24.678028,3.471866314,2.754934495,13.73877417,2.797112658,1
4,tmr,5,465,495,23,1.513275261,2.255768761,18.59943393,1.68548595,1
4,tmr,6,374.4583089,508.6598267,21.83433318,3.518923346,3.154896253,23.69848048,2.871146077,1
4,tmr,6,372.1178945,503.9578657,22.52222384,3.002283333,2.414132453,4.431173999,3.02700404,1
4,tmr,6,364.1219621,487.0858178,22.62256633,1.73701891,2.534758977,25.96636631,2.030406124,2
4,tmr,6,371.8664058,493.0130049,21.85163206,1.020081806,2.253655711,21.03067519,1.655964278,2
4,tmr,7,617.2340249,600.0782585,26.27987087,5.00687327,2.920887814,71.95123265,3.007580863,1
4,tmr,7,620.9297035,573.2126716,27.3996543,2.815062949,2.481248893,30.3697463,2.220687332,2
4,tmr,7,626.0973708,556.7629187,23.36557767,2.713055658,2.804930362,56.51267357,2.07648248,2
4,tmr,8,818.040944,569.304396,26.66275884,2.202668587,3.268820438,36.14226168,2.062186765,0
4,tmr,8,778.3882726,612.4633815,23.59309387,2.098997689,2.72403344,35.33847593,2.134192493,0
4,tmr,8,816,667,46,2.096671532,2.762759731,13.68005623,2.34714125,1
4,tmr,8,805.6892976,661.9057818,42.28879426,1.933486791,3.331197701,21.59997652,2.241178276,1
4,tmr,8,765.2350861,601.1878494,22.92744027,1.657027889,2.3935104,16.54537147,1.828372711,0
4,tmr,9,448,556,37,3.579863639,2.499078393,10.21312037,2.178316786,1
4,tmr,9,447,561,37,2.681680799,3.138870013,1.857523566,1.691210768,1
4,tmr,9,446.3610398,576.4893454,32.01455193,1.799229752,2.309570313,26.52466401,1.398547345,2
4,tmr,10,410.2743615,599.070778,33.16677078,1.934857824,2.566071105,27.48402297,1.589239047,1
4,tmr,11,936.723926,655.2964201,24.52394013,1.570414267,2.677243282,25.79809076,2.102784955,2
4,tmr,11,968.6092088,631.2276546,22.91960625,0.951322683,2.485208532,20.61400337,1.580246914,1
4,tmr,12,35.62587919,712.8986498,25.35137988,2.180008519,3.080215942,43.7126229,2.312986687,2
4,tmr,12,36.84526942,683.5011098,23.29945475,1.849187012,3.007167803,38.17977222,2.11102738,1
4,tmr,13,376.7732657,726.5255904,21.0269449,1.771345928,2.49086552,44.58215141,1.702531646,0
4,tmr,13,297,664,24,1.064560126,3.007209142,13.1775655,1.479703186,2
4,tmr,13,367.9112461,717.9659706,23.48944085,1.237338449,2.545272014,15.04904083,1.621999127,1
4,tmr,14,592.5468976,704.9326849,26.94456894,3.268375973,2.57204839,40.01395046,2.089146121,2
4,tmr,14,574.3603244,703.7263682,27.79905645,3.042566832,2.612150736,54.35249075,1.97940469,1
4,tmr,14,592.2651365,713.2060758,28.26537141,2.413916383,2.759798486,19.8515934,1.81193626,2
4,tmr,15,678.938978,710.7593452,30.13845413,3.058316419,3.782606659,18.29720376,2.555420642,2
4,tmr,15,699.10963,728.5000109,25.19368842,1.976774762,2.373319507,23.97917703,1.752124892,1
4,tmr,16,507.9705481,798.1927676,22.29408106,4.87182334,2.726837469,70.58772213,3.251299106,2
4,tmr,16,437.712001,773.1193809,23.26689541,3.132572642,2.533342577,40.88457046,2.405113282,1
4,tmr,17,665.7336737,836.4554789,23.36066559,3.288278918,3.174380474,61.19915244,2.654391583,2
4,tmr,18,152.7352536,926.4506316,26.81410094,1.3964697,2.225429813,27.76622777,2.166032211,1
4,tmr,18,161.2451932,942.0542284,23.55949226,1.28206163,2.552699799,30.38249688,1.975695461,1
4,tmr,19,562.253584,975.0905436,22.86882484,3.942966897,2.631491081,90.89671981,4.07712305,1
4,tmr,19,633.4772019,906.0772797,26.8470897,1.633097357,2.610351563,26.09249352,2.179087233,0
4,tmr,19,598,938,23,1.596141463,3.230560508,17.40483445,2.320335066,2
5,Cy5,1,107.0138198,258.4051045,21.17031641,1.376159125,2.596208401,27.52532507,2.295154185,2
5,Cy5,1,121.2306429,190.4092984,21.92533472,0.664179359,2.577604854,12.56261458,1.521425711,1
5,Cy5,1,113.1451973,189.8801374,24.32694655,0.544449242,2.255936396,14.86820821,1.650380457,1
5,Cy5,2,303.5060519,211.3920078,22.24280419,0.725692667,2.587402175,3.462016665,1.855258052,2
5,Cy5,2,312,260,27,0.745596565,2.814420882,8.451201806,1.726038029,1
5,Cy5,2,296.678832,241.4296127,21.69276786,0.963659877,2.380393339,10.65305156,1.837407839,0
5,Cy5,2,304.33497,263.7414637,28.31795433,0.6335104,2.466695359,9.571367021,1.836631742,1
5,Cy5,3,805.5323624,481.6638945,22.86411875,1.607762759,2.689184833,16.95932009,2.45731478,2
5,Cy5,3,759.2777125,423.2002709,25.41018655,0.734571541,2.802734939,6.979873947,1.564874013,1
5,Cy5,4,639.1746467,485.2956286,20.6641772,3.016775693,2.643631318,28.54962997,3.294786096,1
5,Cy5,4,641.9672257,487.6054885,24.8245797,2.774964019,2.876912573,25.74962801,3.380013369,1
5,Cy5,4,562.4404023,497.4528586,25.66410373,1.150705504,2.741455986,15.42694671,1.883355615,2
5,Cy5,5,939.7053046,484.9250545,21.22223218,2.069515986,2.578206151,26.49282543,3.094898725,2
5,Cy5,5,950.3333557,559.8146035,22.71164613,0.702744745,3.823454484,8.791822356,1.388597149,1
5,Cy5,6,162.41279,683.355341,23.98930609,1.199782453,2.390848611,15.44558591,2.282840722,0
5,Cy5,6,184.0769445,613.6956902,21.86568633,0.615403857,2.690535383,8.684975176,1.501231527,2
5,Cy5,6,196.3597404,651.826955,21.05439917,0.699744566,2.166685996,14.60413368,1.832101806,1
5,Cy5,7,551.7194135,786.41741,23.03880484,1.447919215,2.614807307,19.86673786,2.352574103,1
5,Cy5,7,558.2777963,824.424508,22.70149062,1.309742582,2.35078744,15.96978479,2.367784711,2
5,Cy5,8,357.1306209,840.2308725,21.79345605,2.23971906,2.921289115,42.2217853,3.476658477,2
5,Cy5,8,393.3414867,811.9263287,21.77750949,1.943748503,2.749519319,44.15914654,3.085585586,1
5,Cy5,8,356.1617201,838.0854316,22.66273801,1.566074119,3.445332155,13.23040381,3.03030303,2
5,Cy5,9,864.5005617,820.1931028,21.64728464,1.109416434,2.424052206,26.27513456,1.926151504,2
5,a488,1,111.2102662,269.5666217,22.79655929,1.630525849,3.347628079,8.797440214,1.517743685,2
5,a488,1,109.8676841,261.8001191,21.19681132,1.476535279,2.243469962,13.26219326,1.651015032,2
5,a488,1,112,171,25,1.201822626,3.278801855,8.088482414,1.413451108,1
5,a488,2,314,257,26,1.725711446,2.664366654,10.14356981,1.678954525,1
5,a488,2,308,221,21,0.965305373,3.675355204,6.183545262,1.338268621,2
5,a488,3,810.8001107,476.0127219,23.02116147,2.360522033,2.929458163,27.94431882,1.691507552,2
5,a488,3,741.8624306,422.863619,20.8501085,1.83196496,2.223079952,21.20111783,1.755058421,1
5,a488,3,737.5777024,413.8253534,22.00474899,1.820031671,2.897694731,31.60530541,1.531205472,1
5,a488,4,652.3046148,487.253467,24.82643555,2.81730121,3.292312779,36.65602064,1.819783025,1
5,a488,4,558.647811,476.9079927,22.11663885,2.486603661,3.059557888,16.73272927,1.650287173,2
5,a488,4,552.9801561,511.1584189,23.76902903,1.342149851,2.148377576,11.75165044,1.53720485,2
5,a488,5,943.9065344,549.5516434,22.98918718,1.585672954,2.496625358,15.82817712,1.450872483,1
5,a488,5,954.9685524,558.8085967,21.84599664,1.240533792,2.115998413,28.66305456,1.433691275,1
5,a488,5,948.9533357,479.6974208,22.39474281,0.983169866,2.505325886,10.44592207,1.295033557,2
5,a488,6,207.0579353,658.6804257,22.16239686,1.323006267,2.582700648,10.99818161,1.490877634,1
5,a488,6,208.0201577,651.1484595,22.8433408,1.268150305,2.860322052,7.367753486,1.381251966,1
5,a488,6,175.8194704,623.7125683,21.8358233,1.235266018,2.491685251,9.447604114,1.508178673,2
5,a488,6,172.6668239,631.4206095,21.22342145,1.105531399,2.764054028,16.14209193,1.424347279,2
5,a488,7,560.0574843,813.0338557,24.35464593,2.249367321,2.297486247,25.7207036,1.821008885,2
5,a488,7,550.2747432,770.6979215,21.51302321,1.802276844,2.546305151,9.088032997,1.450272284,1
5,a488,8,355.9310874,840.0483598,24.84978734,2.777448254,2.824287986,33.17548454,2.391297615,2
5,a488,8,394.0140766,806.5522621,20.25348117,1.958085019,3.428305504,9.617783534,1.55822236,1
5,a488,9,855.1040381,908.5680939,21.53503806,1.763102713,2.534018098,25.04244645,1.615601883,1
5,a488,9,872.1228716,825.6318255,23.16311633,1.673785789,2.523640491,19.51571472,1.505850706,2
5,a594,1,117.0271241,183.1718914,24.04667499,3.285685517,2.826249048,83.06384595,4.087625418,1
5,a594,1,102.4523486,267.6560585,21.20109845,2.639950468,3.610882714,12.1476667,3.473913043,2
5,a594,1,109.378851,227.8711719,26.3493061,3.108494703,2.857947921,36.78983324,3.785618729,0
5,a594,2,311.6659123,258.3624144,26.84563737,6.667581077,2.629446651,31.57697441,7.774161074,1
5,a594,2,307.1050936,216.0518,21.7923566,5.203375207,2.631585028,70.47861971,5.913087248,2
5,a594,3,743.0640058,408.0294571,21.57482735,3.73241272,2.513561629,60.40211598,4.987912683,1
5,a594,3,810.7667742,476.2454338,22.19996143,2.356059908,2.609886202,63.64358497,3.30723435,2
5,a594,3,793.6665375,470.761229,20.64870462,1.719195271,2.786468764,24.99745979,2.345661194,2
5,a594,4,567.4995691,489.4555428,24.82571162,4.829578321,3.196721981,6.605102211,4.634535778,2
5,a594,4,646.8536714,487.8052949,24.83299677,3.845029804,2.738755361,5.546027018,4.742755766,1
5,a594,5,937.4539705,481.8847559,21.40685995,7.516908456,2.609745645,169.6527778,8.119941133,2
5,a594,5,922.9357396,502.9134081,20.68727621,4.866052852,2.44847438,43.26968187,6.51066961,0
5,a594,5,948.6586248,556.0651926,23.02459264,2.723301828,2.674804688,12.83676313,3.385577631,1
5,a594,5,954.7074666,559.4585703,23.01450953,1.74378516,2.777622549,62.66183299,2.557763061,1
5,a594,6,202.6477967,653.5535187,21.90563641,5.160926549,2.511346021,19.44961976,5.755593804,1
5,a594,6,183.0874347,610.8671453,21.35393481,3.455135303,2.543407613,28.50862171,4.075387263,2
5,a594,7,556.7091063,803.3013325,23.81336831,4.232368963,2.670754957,35.72442208,4.992090784,2
5,a594,7,555.3741069,776.853696,20.5239936,3.782917586,2.759000762,8.226977582,4.403370014,1
5,a594,7,554,772,21,3.543570569,3.007571897,2.548784231,4.28610729,1
5,a594,8,395.5346535,805.4562305,21.07951091,3.958261237,2.666694273,38.46171996,4.40133427,1
5,a594,8,356.7518485,834.9770871,23.83158695,3.397593194,2.846339849,61.5787333,4.538623596,2
5,a594,9,861.4371035,902.7825605,22.94450767,3.91801809,3.599312292,38.41718815,4.797049298,1
5,a594,9,861.7988037,822.7841477,22.809542,3.103836962,2.630287724,33.70997706,3.911478949,2
5,tmr,1,106.8635689,257.9827985,20.79545109,2.44709816,2.760755229,44.2090534,3.24108897,2
5,tmr,1,116,192,24,1.270907948,3.087914445,30.99337689,2.066236318,1
5,tmr,2,303.5689746,210.8880828,22.14599953,2.81833192,2.469942484,13.14889826,3.216606498,2
5,tmr,2,312,260,26,1.446845703,2.341688455,8.114276715,2.205776173,1
5,tmr,2,304.2747493,263.3861556,27.92957093,1.156961719,2.257618196,22.99600166,2.154956956,1
5,tmr,3,805.7971364,481.5872689,22.78338614,3.896862375,2.999972806,30.46049997,3.917233225,2
5,tmr,3,759.7956346,422.9849231,25.30882149,2.422692,2.707258968,26.04537234,2.78244162,1
5,tmr,3,768.5714254,446.5190255,20.4406418,1.948343042,3.044261277,36.11187499,2.373041679,0
5,tmr,3,750.0546759,409.3832107,21.72742206,1.499264627,2.445420989,17.37026651,2.054980786,1
5,tmr,4,641.7685565,487.9421378,24.63056493,3.858824553,3.458826904,69.56526327,3.33834031,1
5,tmr,4,639.0632676,485.5197508,20.7798008,2.880090726,2.568738109,23.84528375,2.823196257,1
5,tmr,4,562.4690887,496.9223989,25.6722947,2.496679191,2.921565136,34.9266916,2.498153164,2
5,tmr,4,632.7545051,481.1179571,22.35534082,2.31715152,2.448688171,9.721781291,2.553558237,1
5,tmr,5,939.6025226,485.1670405,21.05669356,3.225938604,2.524236629,41.53889628,3.539537539,2
5,tmr,5,950.7231708,560.3660572,22.62244709,1.828835052,2.462236479,18.93662614,2.073651156,1
5,tmr,6,206.227913,654.7257775,21.3227695,3.959293601,2.929409489,68.88894455,3.735302635,1
5,tmr,6,184.9278121,614.7445753,21.36065911,1.041898154,3.662166729,6.829997671,1.782218361,2
5,tmr,6,169.150182,685.3734342,24.44124157,1.337849029,2.587435534,33.6117963,2.182450043,0
5,tmr,7,551.79433,786.8627946,22.9466812,3.270268445,2.706150749,77.40310015,3.678884026,1
5,tmr,7,553.6772204,832.0126933,20.20929142,3.108541837,2.724717019,59.26032964,3.292122538,2
5,tmr,7,558.1507746,824.3446612,22.7523794,1.949183969,2.879690795,18.09965811,2.450218818,2
5,tmr,8,357.0717563,840.6677424,21.637978,3.911173957,2.982271172,100.538245,4.177481187,2
5,tmr,8,393.0484495,811.8286235,21.69177914,2.924047791,2.749647245,37.57397319,3.152065881,1
5,tmr,8,356.1259567,838.4441949,22.17467017,2.699599161,3.265944496,8.663423025,3.38066165,2
5,tmr,9,864.6401731,820.0232923,21.45954596,2.55606546,3.076159408,57.1543421,2.664119977,2
5,tmr,9,861.7560474,903.2723232,22.79064043,1.263998853,2.254336055,41.22256837,2.157328806,1
6,Cy5,1,529.2155297,9.301209907,23.89454914,1.627316112,-1,29.45281044,2.517778666,1
6,Cy5,1,577.4583011,48.58099298,23.59044726,1.231561659,2.81014644,19.87721927,2.264882141,2
6,Cy5,1,573.8767722,49.98478726,24.76505705,1.022737322,3.371064674,7.306779063,2.203755493,2
6,Cy5,2,355.0916248,137.0083214,24.46310108,2.164235171,2.857542836,15.74217136,2.907706256,1
6,Cy5,2,227.8694272,155.2235911,23.19771124,1.094684474,3.055932247,14.28806356,2.002901179,2
6,Cy5,3,716,194,26,0.760269599,3.112149548,9.61444408,1.659311892,2
6,Cy5,3,651.4928039,257.5523351,25.18170592,0.931611028,2.944773666,14.16088908,1.806656694,1
6,Cy5,4,163.7374891,275.2477893,26.30672268,2.957321488,2.852626895,26.55173327,3.578670672,1
6,Cy5,4,78.7707719,309.3883192,29.3872479,1.312672337,2.703746813,31.42161952,2.177619226,2
6,Cy5,4,88.89200345,288.2017337,26.48284512,1.12442203,3.15196383,15.98939631,2.002253098,0
6,Cy5,5,762.7072219,257.4864698,24.95003331,1.445150927,3.145467693,19.10888274,2.193048734,2
6,Cy5,5,717,336,24,0.899391851,2.806000831,3.139129944,1.905931243,1
6,Cy5,6,272.5720307,292.8162916,28.25029296,2.229843555,3.124044748,31.95083457,2.63574352,1
6,Cy5,6,281.1793084,340.9747132,28.48953744,1.705181509,3.538603521,30.63153738,2.266030014,2
6,Cy5,6,276.2495485,308.5109981,25.27437287,1.394963972,2.246589707,27.54614572,2.216575716,1
6,Cy5,6,263.0476577,350.6545353,31.51229572,1.025630316,2.200182346,17.44540219,2.0446794,2
6,Cy5,7,895.2591251,282.2440941,28.95998797,2.479890245,2.87506002,22.47053221,3.231217839,2
6,Cy5,7,856.4792885,279.582492,29.00336343,1.125794742,3.840787927,11.25261179,1.711149228,0
6,Cy5,7,869.0773809,348.3529976,30.31629583,0.674016929,2.78931943,5.772900871,1.393825043,1
6,Cy5,8,551.4524623,392.0554628,22.09616249,2.010711988,2.953803278,18.78585544,2.620463187,1
6,Cy5,8,547.1990026,454.7951165,24.54298284,0.848391381,2.631621038,11.24618931,1.651918424,2
6,Cy5,9,723,455,30,0.712017511,2.68565266,9.25849348,1.802666667,1
6,Cy5,10,365.249607,526.1791345,24.25838078,1.470882491,2.771558428,23.43633545,2.116878768,1
6,Cy5,10,372.3655477,539.2508242,25.45466531,1.044031691,3.054443126,9.712518307,1.834561286,2
6,Cy5,10,374,539,25,0.989817918,3.457030466,10.97102008,1.596115204,2
6,Cy5,11,705.3836216,571.6128192,21.62160064,1.341811525,2.766466928,31.56262062,2.116979794,1
6,Cy5,11,703.2944964,645.7514344,22.53254799,0.734921765,2.402223498,10.14733,1.728465083,2
6,Cy5,12,275.8290638,696.4218217,23.23247187,1.330536967,2.51768729,27.92191817,2.233873874,2
6,Cy5,12,317.0198932,693.491356,21.40034025,0.615297761,3.325606807,14.90223548,1.444324324,1
6,Cy5,12,257.528258,698.9631723,21.73055572,0.661754361,2.072877572,11.04037028,1.567567568,2
6,Cy5,13,154.3838903,777.6142367,23.62274343,1.11603937,3.42753029,11.03801583,1.796302636,2
6,Cy5,13,151.9577393,786.7812862,20.58133905,1.074704608,2.544869454,21.84702607,1.857925368,2
6,Cy5,13,97.21160121,738.1884433,20.72575376,0.671214644,2.405234919,16.68931447,1.459431701,1
6,Cy5,14,894.1757155,771.5298393,23.73093905,2.386335931,2.859761165,28.34878822,3.200369004,2
6,Cy5,14,833.4012879,742.9302921,21.98169635,0.675360863,2.155654226,15.89699769,1.620664207,0
6,Cy5,15,242.001993,828.2559318,28.68428061,0.959223866,2.758917862,20.08189829,2.043956044,0
6,Cy5,16,334.2773599,898.3836408,22.16508416,3.475336333,3.185884452,32.98942756,4.04402277,1
6,Cy5,16,317.0233163,886.5270217,20.73342959,0.506561297,2.786273182,8.403879754,1.401897533,0
6,Cy5,17,532.8794647,907.2121224,25.86444061,2.015576328,2.582730887,53.56563415,2.967308391,1
6,Cy5,17,538.057959,877.6692405,22.50957289,0.762838576,2.749354178,16.2095742,1.720305122,0
6,Cy5,17,544.8379889,888.5553706,27.77780632,0.672776747,2.580037631,14.17929963,1.624409735,0
6,Cy5,18,480.1693764,858.6690903,22.38790183,1.958982914,2.653320313,41.90110715,2.679378531,2
6,Cy5,18,451.9682712,861.709825,20.41901499,1.249877326,2.717773438,8.3777171,2.200211864,1
6,Cy5,18,457.8799758,860.5868918,22.20493073,1.031128454,2.72969877,23.7555443,2.004943503,1
6,Cy5,19,996.3286551,888.107937,25.46357487,0.967329011,2.890616626,29.1749521,1.896119644,1
6,Cy5,19,976.0313887,936.2690607,23.8195387,0.563787767,2.470718468,13.84823423,1.588924818,2
6,a488,1,579.3490784,48.81682182,22.58245239,2.2686356,2.760597981,11.32639673,1.757580543,2
6,a488,1,528,4,24.80425695,1.738657077,-1,NaN,1.547220467,1
6,a488,2,355.3007713,140.4587243,24.19836594,2.535651338,2.666611107,20.60486843,1.894970626,1
6,a488,2,226.4404864,161.9526756,23.64476009,2.240008675,2.790003102,12.57684635,1.748244734,2
6,a488,3,653.9106941,258.9234155,25.2158134,1.783710197,2.545769163,18.25943064,1.744966443,1
6,a488,3,711.3599643,184.2508367,25.49161601,1.779209258,3.019453815,13.19898356,1.597458232,2
6,a488,3,712.3518623,216.6879608,24.35734377,1.071314313,2.829397957,5.487503436,1.285163501,0
6,a488,4,164.6406383,266.5139778,25.45545046,1.761116158,3.081912735,16.26711194,1.67504088,1
6,a488,4,83.61764925,315.7651674,28.41188715,0.648869017,2.374300447,4.930159983,1.200386502,2
6,a488,5,724,335,24,1.202093518,5.091319491,3.356326102,1.308174309,1
6,a488,5,760.6715304,287.2784084,22.11235832,0.87913991,2.444243843,15.67837428,1.23526061,0
6,a488,6,276.0193889,343.9971453,28.76375906,1.753344019,2.717151864,20.49428684,1.600302281,2
6,a488,6,264.5897844,367.3489712,23.72931663,1.062109546,2.448230602,19.41321871,1.566364386,0
6,a488,6,286.6906979,290.6535496,27.68078844,0.721824704,2.230539498,6.773917131,1.266144545,1
6,a488,7,903.1259749,270.5593525,28.56894643,1.357366354,3.382116097,13.0568049,1.329052549,2
6,a488,7,856.7513195,343.2784093,29.24109882,1.000348048,2.859424229,5.630132143,1.354475167,1
6,a488,8,547.8189689,443.506888,23.80271694,1.669597217,2.350998842,16.66180064,1.516609235,2
6,a488,8,549.9959268,421.7783256,22.2784082,1.421617502,2.601881661,20.08376264,1.572019297,0
6,a488,8,540,452,26,1.388643568,4.123663345,6.470693092,1.230875258,2
6,a488,9,743.9112112,480.0464511,27.77827207,1.75058185,2.927166598,8.241841026,1.514086327,2
6,a488,10,358.9247115,532.5535769,25.98686495,2.768545414,2.556375655,30.60753303,1.878469415,1
6,a488,10,372.8200417,545.1492775,24.22442258,1.33162834,2.853397563,11.58200135,1.260846133,2
6,a488,10,390.2318028,531.105601,25.03042193,1.278757191,2.395472976,10.80825181,1.391134465,2
6,a488,10,375.3650688,536.7361168,24.76410459,1.202380266,2.080664514,13.21796306,1.347884667,2
6,a488,11,718.9104974,566.1281528,21.52737987,1.767953887,3.083115789,16.69127473,1.549507013,1
6,a488,11,706.8055007,642.6707527,23.26248831,1.244516217,2.446310619,11.80278788,1.445215942,2
6,a488,11,694.538002,649.7829108,21.1369352,1.067748739,3.441263882,11.67656129,1.266074156,2
6,a488,12,251.474198,697.1182411,22.25513733,2.034335152,3.018906932,15.81945067,1.699266842,2
6,a488,12,309.7104101,691.5929384,21.63939005,1.457282306,3.190116479,9.061960037,1.455664684,1
6,a488,13,104.9515459,769.6050075,19.57934842,1.447552939,2.073243639,21.92669682,1.51381509,1
6,a488,13,94.90794422,746.7655072,20.37887594,1.334201438,3.360999766,13.27022356,1.358395324,1
6,a488,13,155.3846065,792.2595267,22.50418057,1.196427227,3.847108775,11.39909757,1.193942614,2
6,a488,14,856.4706209,733.4045028,24.86252436,2.589833731,3.047158432,23.49860398,1.766805556,1
6,a488,14,896.7801679,782.3681336,23.12367451,1.269711794,2.681197128,11.29462544,1.399166667,2
6,a488,15,162.4307411,858.0606003,26.87625537,1.041234917,3.384890878,9.806491229,1.098537555,2
6,a488,16,340.8634324,902.4038095,22.87900734,1.916915569,2.985256269,18.23760917,1.495089544,1
6,a488,16,358.7287976,875.0096738,21.73970614,1.227582208,2.115874763,13.26312411,1.473714616,0
6,a488,16,306.0912416,888.1772102,21.76989738,1.0145645,2.88842199,14.12061256,1.367850953,2
6,a488,17,523.7723053,901.3340063,24.19186275,1.711740443,2.906600897,10.10675261,1.474883975,1
6,a488,17,553,911,28,1.320221301,4.071286394,5.650592554,1.384247884,2
6,a488,17,528.8133906,894.4652796,25.3035586,1.213112082,2.604658728,15.29551889,1.453726454,1
6,a488,17,537.6636557,899.8034319,25.00813132,1.139882779,2.857086776,15.32659179,1.452088452,1
6,a488,18,466.0511199,842.065898,23.83479763,1.65939925,2.471543181,16.49323994,1.557494052,2
6,a488,18,478,861,21,0.882104885,2.363221033,8.808062781,1.273724557,0
6,a488,19,964.6948523,940.737766,25.62349784,1.05714589,3.188461141,8.744204316,1.473676155,2
6,a594,1,569.8836513,52.63064191,22.83930627,7.490610862,2.875470571,77.96950122,8.677898551,2
6,a594,1,565.4515066,43.23623032,21.750005,3.978375659,2.565292402,35.08074587,4.591666667,2
6,a594,1,527.3900158,9.237950438,23.66806569,1.830944205,-1,19.34055956,2.72826087,1
6,a594,2,353.233552,136.3912621,24.75163357,5.144761992,2.823042013,8.957996499,5.437519673,1
6,a594,2,225.8702202,147.5569497,23.37638456,2.947541012,2.676907109,7.858145613,3.440352534,2
6,a594,3,713.1199752,190.9644961,26.08723642,7.996634027,2.93137019,149.0620822,8.46035627,2
6,a594,3,648.4050853,255.7991306,25.43162698,3.362792369,3.241946954,44.18853487,3.811735941,1
6,a594,4,80.98826588,308.9701967,29.67904896,7.448721277,2.943316888,12.63812106,8.057014734,2
6,a594,4,166.3311388,271.5018816,25.4585096,4.408365808,3.068636956,62.51494358,4.491351698,1
6,a594,4,86.80143154,311.1466347,29.80945189,3.241154861,2.576204672,26.81943229,4.52178091,2
6,a594,5,721,333,24,11.14829914,2.980304199,75.34315149,10.68463886,1
6,a594,5,720.1634486,333.1584482,24.08312147,11.14829914,3.128885007,28.72303808,9.722617837,1
6,a594,5,761.9657618,262.2396737,24.75509261,4.712688009,2.725307152,127.2050345,5.371990505,2
6,a594,6,278.9816386,342.3104532,29.82651548,4.800103473,2.714982044,45.50037494,4.697868664,2
6,a594,6,264.6115355,304.8365909,28.71594628,3.127010298,2.409306257,25.49211974,3.48156682,1
6,a594,6,277.5347144,360.2095122,26.02016822,2.98631652,2.4907729,25.75648568,3.112615207,2
6,a594,6,290.1438276,285.3468241,28.86461795,2.331488134,2.632086832,35.21286869,3.273041475,1
6,a594,7,854.455581,342.5638932,26.74714713,3.721898267,2.621868492,20.60952747,4.29041003,1
6,a594,7,897.0684365,278.0693478,27.82322924,3.672979276,2.9970732,77.0469063,4.785496442,2
6,a594,8,546.5516821,455.5435824,24.68352149,10.08809435,3.031696074,16.43007306,8.768494898,2
6,a594,8,548.2313904,393.0289994,22.44280812,4.050265548,2.726912198,43.27904923,4.162946429,1
6,a594,8,552.772676,456.5249196,23.99683496,3.522581803,2.483203639,77.22073303,4.044005102,2
6,a594,9,754.3516232,473.400074,28.76575,5.10373728,2.80217215,85.08790327,5.111289804,2
6,a594,9,727.750651,444.083691,30.06558943,1.631721087,2.609086788,18.16183011,2.525249276,1
6,a594,10,379.1314912,536.6683108,25.24173286,4.268473701,2.551221656,24.96189696,4.412971342,2
6,a594,10,354,533,26,2.769006955,2.778597818,11.02146875,3.518250377,1
6,a594,11,703.9213088,648.0537875,22.70809243,3.63164108,3.056332279,6.169055757,4.242372881,2
6,a594,11,705.6581588,567.2271992,23.00838726,2.371277078,2.65334434,28.73324321,3.159661017,1
6,a594,12,258.371488,703.4547882,20.27028742,4.772883496,2.593655703,94.26713811,4.913486005,2
6,a594,12,318.4227699,694.9428812,20.40911995,4.689017095,3.307540249,44.19673029,4.692430025,1
6,a594,13,158.2048163,783.1397523,22.81698261,5.066002564,2.929762366,44.12973589,5.124981728,2
6,a594,13,136.4813183,780.2746698,20.01801919,3.924671466,2.658570341,53.65049051,4.099108317,2
6,a594,13,122.6076685,755.3039327,23.58309241,3.874323176,2.725834375,45.37042562,4.065779857,1
6,a594,13,103.4098285,749.061628,20.60940312,1.862921958,3.117672199,30.05718227,2.449057155,1
6,a594,14,853.8567548,741.2474021,24.72418859,4.191124534,2.522847125,54.07334672,5.328801431,1
6,a594,14,841.5384619,740.48039,23.22903036,3.595075769,2.899350569,88.03513997,4.169588551,1
6,a594,14,888.42879,777.2415422,22.91015579,2.887533292,2.711820161,39.87488817,3.740966011,0
6,a594,15,248.2068076,826.0407519,27.74325142,2.196099112,2.596912855,51.93835839,3.083868895,0
6,a594,15,174.9202813,848.9942373,26.07800843,3.069193414,2.889574071,70.09121897,3.570051414,0
6,a594,16,316.5197087,896.3379144,21.00390374,5.326062321,2.991273919,43.00050336,5.381689667,2
6,a594,16,333.2606836,901.4284748,21.58233045,4.359047316,3.255179947,20.74241479,4.863009088,1
6,a594,17,548.8606197,905.5809692,25.59188814,4.41448331,2.565746969,24.0619416,4.842405914,2
6,a594,17,529.7054508,896.1376119,22.25832911,3.058468877,2.723277186,46.75226539,3.946236559,0
6,a594,17,539.44157,879.1042792,28.35280114,2.409887094,2.63888218,64.3843605,3.141465054,0
6,a594,17,549.4027024,893.5745127,26.56691784,2.100266995,1.770622589,5.249582337,2.986895161,0
6,a594,18,453.1758673,864.2825446,21.82183973,4.353465803,2.833119697,70.81777905,4.723646724,1
6,a594,18,455.7586368,841.4706016,21.71304541,3.740384816,2.659215392,7.394694841,4.142133587,1
6,a594,19,996.5490681,889.7512965,25.76678579,3.231688044,2.980449579,80.42712505,4.011947431,1
6,tmr,1,577.2443448,48.1088041,23.498929,2.998830642,3.205023744,28.91868891,3.310579196,2
6,tmr,1,529.0244453,8.88240675,23.93378798,2.931840714,-1,41.59729584,3.733747045,1
6,tmr,1,574.0097631,49.53593853,24.49641882,2.793633301,3.329315251,6.854274843,3.187352246,2
6,tmr,2,227.9324329,154.4220634,23.06676117,2.617618321,2.917893667,38.02949836,2.603170478,2
6,tmr,2,355.5200255,136.8000469,24.4454731,2.132872891,3.285016615,38.95653385,2.36954262,1
6,tmr,3,651.5478248,257.7493129,25.17059959,1.528910505,2.898812069,25.46184694,1.883542141,1
6,tmr,3,715.0097209,193.6807833,26.04704584,0.960464478,2.921341944,13.81735612,1.728644647,2
6,tmr,4,163.6203832,274.9726948,26.15869598,5.504327538,2.707041107,75.6723828,4.731205487,1
6,tmr,4,78.15881181,309.1994787,29.44556301,2.071556817,3.220479625,35.34953294,2.337641783,2
6,tmr,5,760.4092672,260.8100882,25.78521945,1.917674322,2.658969031,4.049631649,2.662908355,2
6,tmr,5,763,257,25,1.907960969,2.954541791,31.71753004,2.450130095,2
6,tmr,5,717.2093814,335.7050491,23.64882343,1.259710817,3.159834538,10.54262225,1.910089621,1
6,tmr,6,272.8442175,292.0011382,28.27337943,1.940527208,3.183145525,36.6153633,2.11350958,1
6,tmr,6,281.4047913,340.9943201,28.30075354,1.765293575,2.955827614,28.81074606,2.059665292,2
6,tmr,7,895.3265314,282.0323625,28.95695651,4.605367327,2.685453813,88.42889544,4.352269638,2
6,tmr,7,869.0137235,348.6430845,29.65158979,1.286164372,2.652651479,23.56696302,1.910573525,1
6,tmr,7,863.885335,336.9553418,30.27241605,0.971338129,2.587647075,17.79548686,1.745039413,1
6,tmr,8,551.4048819,392.016815,22.10535137,5.613118477,2.792767769,63.11092713,4.704671417,1
6,tmr,8,547.7971272,453.7378115,24.45685861,0.837986855,2.507463393,14.91108906,1.52810768,2
6,tmr,9,722.9453917,455.562901,29.7404257,1.811003387,2.652338283,29.88691299,2.296574987,1
6,tmr,9,754.4558092,460.0572368,27.91652899,1.544569422,2.631322757,16.98458411,2.093149974,2
6,tmr,9,740.5982372,446.8816241,31.23907667,1.176442022,2.586914562,28.18461889,1.929942916,1
6,tmr,9,751.5320629,472.1400971,27.81650537,1.108714807,3.233464617,8.060626274,1.725480021,2
6,tmr,10,364.9059532,526.3328122,24.03149644,2.178685142,2.857842126,29.38329585,2.274443369,1
6,tmr,10,372.3717322,538.9997462,25.99936324,1.759851984,2.704998768,10.07947485,2.081558567,2
6,tmr,11,705.2916445,571.464099,21.67521283,2.595913681,2.690111566,74.71613508,2.799273134,1
6,tmr,11,704.1012604,644.7464734,22.24814122,2.095655424,2.60535933,51.4768158,2.356443947,2
6,tmr,12,317.086736,693.4640526,21.81570677,2.060366433,2.651219295,12.51300968,2.211572327,1
6,tmr,12,275.7921427,696.5785267,22.90746754,1.987462736,2.654255877,45.73419955,2.177358491,2
6,tmr,12,256.9691178,699.4451828,22.12627997,1.259814492,3.325405496,12.71874154,1.683018868,2
6,tmr,13,154.2457172,777.6723492,23.26335344,2.231828967,2.725713295,61.5813626,2.351403214,2
6,tmr,13,99.32337962,747.8195493,20.6890129,1.067883763,2.944875387,30.32108095,1.609018949,1
6,tmr,14,894.3462799,771.4757492,23.6657969,2.422886482,2.564092515,42.66708562,2.654345943,2
6,tmr,14,844.2170605,738.5927982,22.32013766,2.22429194,2.764650234,42.59860334,2.575801328,1
6,tmr,14,900.2892112,779.6033588,22.51537821,1.871718451,2.606199873,27.86788522,2.331504476,2
6,tmr,15,178.723553,848.488902,26.29168154,1.761337119,2.563682582,25.64842345,2.058326938,2
6,tmr,15,241.7187939,828.2633308,28.29625137,1.630261727,2.805627899,34.00472962,2.189562548,1
6,tmr,16,333.8420183,898.2024819,22.30189817,6.488316483,3.156386931,100.3711028,4.90935518,1
6,tmr,16,316.8160598,886.7746883,21.08028555,2.198914569,2.559009986,41.19864528,2.544661734,2
6,tmr,17,532.8355139,907.1699957,25.85139804,1.993594212,3.383523647,19.39835826,2.366278309,1
6,tmr,17,546.0298938,882.0854925,24.36916117,1.410849863,2.85261601,17.71144848,1.931666448,0
6,tmr,17,538.2763063,877.7227412,22.54352239,1.139115647,3.048396514,24.87224853,1.79709386,0
6,tmr,17,550.3653101,897.8821173,23.57478407,0.926760226,3.085709725,21.64051007,1.629009033,0
6,tmr,18,480.1754918,858.4247533,22.54344742,2.484347467,2.567681994,52.27597799,2.452473327,2
6,tmr,18,458.1890248,860.7361702,22.03713719,2.384840096,2.513959663,56.17900817,2.596750727,1
6,tmr,19,989.8788348,900.7107262,25.00548688,1.396062142,2.255467746,33.80646678,2.227243794,1
6,tmr,19,964.1769815,895.3996136,20.74092792,1.03352086,2.1161156,19.97887671,2.084341184,0
6,tmr,19,975.9697402,936.0441665,23.3186513,1.131972958,2.330561135,21.02359839,2.066199873,2